# slug	datePublished	dateModified	row_hash — generated by tools/build-entry-dates.py
# Real per-entry dates. Do NOT hand-edit; do NOT stamp pages with the build date.
2fa	2026-05-18	2026-05-18	2ff0764bcab2
a-jepa	2026-06-28	2026-06-28	9ed7e6005ab6
a11y	2026-05-19	2026-05-19	8b3e1d36f978
aaai	2026-05-27	2026-05-27	296b42aa3822
aaru	2026-05-18	2026-05-18	a1b92dcbf836
abbeel	2026-05-21	2026-05-21	50678b60f413
abi	2026-05-18	2026-05-18	38ae3f413b01
ablation	2026-05-24	2026-05-24	69357f1bde9f
abm	2026-05-21	2026-05-21	3c3a98a53642
acid	2026-05-18	2026-05-18	94e16e31f21c
acl	2026-05-27	2026-05-27	0182bbefa628
actix	2026-05-17	2026-05-17	fa4cd8857b21
adam	2026-05-18	2026-05-18	880a94a81974
adamw	2026-05-18	2026-05-18	c96ea414547e
adapter	2026-05-28	2026-05-28	da60110a3956
adept	2026-05-18	2026-05-18	11f12d38e0e9
ae	2026-05-26	2026-05-26	e23166bee953
aeraki	2026-07-12	2026-07-12	dbde2e19792f
aerospike	2026-05-16	2026-05-16	4b63f428fb16
aes	2026-05-17	2026-05-17	f39c484003a6
affine	2026-05-18	2026-05-18	7eafe81fdb05
agda	2026-05-17	2026-05-17	975c18efac61
agent	2026-05-28	2026-05-28	82a7f41a0ec0
agentic	2026-05-28	2026-05-28	d7673b86e79b
agentless	2026-05-30	2026-05-30	f3fd72504ffe
agi	2026-05-18	2026-05-18	a2c5e854ff73
agno	2026-05-17	2026-05-17	6d0b85ab2288
agntcy	2026-07-12	2026-07-12	25638380db2f
ai21	2026-05-18	2026-05-18	cc503b689807
aider	2026-05-16	2026-05-16	c9098aedeccc
airflow	2026-05-17	2026-05-17	838d5751c4a1
airsim	2026-05-26	2026-05-26	7e6cbe0874ee
aistats	2026-05-27	2026-05-27	22ee94747c56
aks	2026-05-19	2026-05-19	655222512ada
alacritty	2026-05-16	2026-05-16	26be0066e6d9
albert	2026-05-27	2026-05-27	4182640b8132
aleatoric	2026-06-15	2026-06-15	dfc26aa8058b
alembic	2026-07-12	2026-07-12	6a67d2640115
aleph	2026-07-05	2026-07-05	a544c19fcf57
alexnet	2026-05-27	2026-05-27	cd7509e44b3c
alfred	2026-05-17	2026-05-17	33f64658e046
algolia	2026-05-16	2026-05-16	44e69b90d21d
alibi	2026-05-30	2026-05-30	1e90610aedeb
alignment	2026-05-28	2026-05-28	2af7df366fc6
allocentric	2026-05-26	2026-05-26	8f576ffcf516
aloha	2026-05-26	2026-05-26	9aaabcb03bc2
alpaca	2026-05-21	2026-05-21	f7770bd38f45
alpha	2026-05-20	2026-05-20	25e5fb2d3780
alphafold	2026-05-26	2026-05-26	a0f837ee14fe
alphago	2026-05-26	2026-05-26	3b0ad0d62ffb
alphastar	2026-05-26	2026-05-26	ed1bd8fb2f4c
alphazero	2026-05-26	2026-05-26	94aebd59670e
alpine.js	2026-05-17	2026-05-17	115c8b06bf75
alsa	2026-05-21	2026-05-21	5f096e7db611
altair	2026-05-21	2026-05-21	2162af96fead
altman	2026-05-21	2026-05-21	47bbd410aa9e
am	2026-05-26	2026-05-26	0285c27b34d2
ami	2026-07-17	2026-07-17	ba3ae4cab545
amodei	2026-05-21	2026-05-21	8e5f4789af8d
ampere	2026-05-19	2026-05-19	98265880f1b3
anaconda	2026-05-21	2026-05-21	5b005679596a
angular	2026-05-17	2026-05-17	4118fa866e33
annealing	2026-05-24	2026-05-24	037b49c3f431
anova	2026-05-27	2026-05-27	d7e736d46d1d
ansible	2026-05-21	2026-05-21	8e893359e468
anthropic	2026-05-16	2026-06-24	75c1a1463551
anvil	2026-05-19	2026-05-19	7050efd8e2a8
anytype	2026-05-18	2026-05-18	d255a142b69d
aot	2026-05-18	2026-05-18	d31fbdaf19f8
aphrodite	2026-07-05	2026-07-05	1c3463d5530f
api	2026-05-16	2026-05-16	3e6bdf35e2e2
apisix	2026-07-12	2026-07-12	6d4abdb942d7
apm	2026-05-26	2026-05-26	dccfbb809dc4
appflowy	2026-05-18	2026-05-18	f9c12bbb4c6f
aptos	2026-05-20	2026-05-20	e6e1336ae272
arbitrum	2026-05-20	2026-05-20	7e42fd62c485
arch	2026-05-16	2026-05-16	e83c179b2072
argo	2026-05-16	2026-05-16	d1f3d17ed47c
argocd	2026-05-16	2026-05-16	2012bbe55dc1
argon2	2026-05-19	2026-05-19	b467ca770dd8
arp	2026-05-18	2026-05-18	87d27c2b5280
arr	2026-05-21	2026-05-21	11c023895cb1
arrow	2026-05-17	2026-05-17	138f20262f60
arxiv	2026-05-27	2026-05-27	37caa31b5bdb
ascii	2026-05-16	2026-05-16	3450d731c99b
asciidoc	2026-05-21	2026-05-21	e93544d638b8
asic	2026-05-18	2026-05-18	84be5285f32c
ast	2026-05-18	2026-05-18	4822d024435b
astro	2026-05-16	2026-05-16	ae7aa5d6126c
asymptotic	2026-05-24	2026-05-24	8d71fb7a1ea8
async	2026-05-17	2026-05-17	ff34a7dc6b79
atari	2026-05-26	2026-05-26	a943f49e2d9c
athena	2026-05-24	2026-05-24	4d25f1d1d0d4
atlassian	2026-05-16	2026-05-16	4c1bda692758
atuin	2026-05-18	2026-05-18	93781ab22608
auc	2026-05-27	2026-05-27	2fb127afd7f1
augment	2026-05-18	2026-05-18	08ba8f6f18cb
aurora	2026-05-24	2026-05-24	e4891a88deaf
auth0	2026-05-16	2026-05-16	ecea4871de71
autogen	2026-05-16	2026-05-16	22d14fb2c9d9
automatic1111	2026-05-21	2026-05-21	74140bba1901
avalanche	2026-05-20	2026-05-20	0770cf466d2c
aviary	2026-05-21	2026-05-21	2f5a64fd9edc
avif	2026-05-24	2026-05-24	d604bf6ffe3c
avp	2026-05-26	2026-05-26	68811db36ed5
avro	2026-05-17	2026-05-17	3601ef7a01f1
awk	2026-05-18	2026-05-19	b60cbf55c197
awq	2026-05-30	2026-05-30	101f6c563a93
aws	2026-05-16	2026-05-16	825b56cd6f60
axiom	2026-05-23	2026-05-23	479f180f27be
axios	2026-07-17	2026-07-17	731ce60c2af0
axolotl	2026-05-17	2026-05-17	5e5cdcfc3462
axum	2026-05-17	2026-05-17	9cbde2692f75
aya	2026-05-30	2026-05-30	a6bc76260836
azure	2026-05-16	2026-05-16	1a1789d2fe36
b2b	2026-05-21	2026-05-21	8d0b52cf0ddc
b2b2c	2026-05-21	2026-05-21	0567ed12ecb6
b2c	2026-05-21	2026-05-21	d29e393e976c
babel	2026-05-16	2026-05-16	4f9bc9afd22c
babylon.js	2026-05-17	2026-05-17	8bb90cab864b
backlog	2026-05-21	2026-05-21	e4bfc5da0158
backprop	2026-05-24	2026-05-24	15d8d9d05c91
backpropagation	2026-05-24	2026-05-24	707915a98203
backstage	2026-05-16	2026-05-16	fb2beaa02b14
bahdanau	2026-05-21	2026-05-21	9964f65b0ebe
baichuan	2026-05-18	2026-06-24	6def938a3060
baml	2026-07-05	2026-07-05	3f49f6a31742
bark	2026-05-21	2026-05-21	146c38c059df
barlow-twins	2026-06-28	2026-06-28	39c5e527a661
bart	2026-05-27	2026-05-27	dd784a121324
barto	2026-05-27	2026-05-27	48068c5eda3f
base	2026-05-18	2026-05-18	c718737849e1
bash	2026-05-18	2026-05-18	0d315a3de0e3
bat	2026-05-20	2026-05-20	1dc9c527cc6b
bayesian	2026-05-24	2026-05-24	b92703b78c70
bazel	2026-05-16	2026-05-16	1a4a504ed3f1
bcrypt	2026-05-19	2026-05-19	e52d80c36b0d
bd	2026-05-26	2026-05-26	03ca51c13efc
bdd	2026-05-17	2026-05-17	d05ff51c72c9
bdr	2026-05-26	2026-05-26	2c92fc73b55a
be	2026-05-26	2026-05-26	09d5e4fa6b04
beam	2026-05-17	2026-05-17	a8e4a16180d1
bedrock	2026-05-24	2026-05-24	8d877f31b3c6
beit	2026-06-28	2026-06-28	255e9efab40b
bellard	2026-05-21	2026-05-21	b35aa7e18e5c
bellman	2026-05-26	2026-05-26	d929933bd215
bengio	2026-05-21	2026-05-21	5393470e66a9
bentoml	2026-05-21	2026-05-21	9d94934b9766
bert	2026-05-18	2026-05-18	9a0ad95832d2
beta	2026-05-20	2026-05-20	85ff94bf51b5
bevy	2026-05-17	2026-05-17	9bbd67f3cabb
beyla	2026-06-18	2026-06-18	d168bb413d57
bezier	2026-06-18	2026-06-18	47b3d142c578
bff	2026-05-18	2026-05-18	306f4bd132af
bgp	2026-05-18	2026-05-18	8a154bc2dd02
bie	2026-05-26	2026-05-26	da42be8d7232
big-o	2026-05-18	2026-05-18	415b14a5adf7
bigquery	2026-05-24	2026-05-24	b911e6486f0b
bigtable	2026-05-17	2026-05-17	d23766fe42aa
biome	2026-05-16	2026-05-16	342d1d40ee5c
bitsandbytes	2026-05-30	2026-05-30	26b2ff1ead45
bizops	2026-05-26	2026-05-26	75e31ac3cb53
blackwell	2026-05-19	2026-05-19	cc46034a6a7c
blazor	2026-05-17	2026-05-17	9773bdaab036
bleu	2026-05-27	2026-05-27	45db1319c603
bokeh	2026-05-21	2026-05-21	61c6e1bcd06a
bolt	2026-05-16	2026-05-16	7e983c977e6f
bolt.new	2026-05-16	2026-05-16	904913ae24ae
boltzmann	2026-05-27	2026-05-27	6b5f515c8490
bottou	2026-05-27	2026-05-27	5bfbc1f55998
braintrust	2026-05-18	2026-05-18	bbda0d612975
brax	2026-05-26	2026-05-26	b5e5443ad307
bregman	2026-06-15	2026-06-15	d9e0ecf95d7e
brockman	2026-05-21	2026-05-21	a0382c40de3f
brotli	2026-06-19	2026-06-19	f83a4722804b
browserbase	2026-05-18	2026-05-18	a1d3ea14cc69
bruno	2026-05-18	2026-05-18	6e7bc5cbdacf
btrfs	2026-05-19	2026-05-19	9a8f673e5b35
buck2	2026-05-17	2026-05-17	2d63c17d9bf0
buildah	2026-05-21	2026-05-21	fee356c2b1e3
bulma	2026-05-21	2026-05-21	5bc31194e013
bun	2026-05-16	2026-05-16	9535aec4a1e2
bun-test	2026-05-17	2026-05-17	826682a45fa1
buterin	2026-05-21	2026-05-21	dab640c74dc0
byol	2026-06-28	2026-06-28	03b3be928f24
bytebase	2026-05-16	2026-05-16	0f8c5be558d2
byzantine	2026-05-19	2026-05-19	08dc3594d99b
c-	2026-05-18	2026-05-18	cf282210cd8f
c--	2026-05-18	2026-05-18	e7c3cf3c5f1d
cac	2026-05-21	2026-05-21	1638a72d4e88
cache	2026-05-21	2026-05-21	092be5bc70a1
caddy	2026-05-16	2026-05-16	4e85613a7ed5
calico	2026-05-17	2026-05-17	ee69ddb03c4d
cap	2026-05-18	2026-05-18	16c68db272aa
cap-n-proto	2026-06-19	2026-06-19	50745331a00f
capacitor	2026-05-17	2026-05-17	a4cac263863e
carbon	2026-05-16	2026-05-16	926aa356b038
cardano	2026-05-20	2026-05-20	db497e4ad975
cargo	2026-05-16	2026-05-16	2e59ece503ae
carla	2026-05-26	2026-05-26	33c5ac63c5df
cartesia	2026-05-30	2026-05-30	59acb0056c90
cassandra	2026-05-16	2026-05-16	81ee53caceba
catboost	2026-05-21	2026-05-21	b223643fe4f5
cauchy	2026-06-18	2026-06-18	b1d59a02b0a5
cbor	2026-06-19	2026-06-19	74f4f0f5bd1a
cco	2026-05-26	2026-05-26	f2db69dd2547
cdn	2026-05-16	2026-05-16	4b587d9cd250
cdo	2026-05-26	2026-05-26	4fcc2baa3060
celery	2026-05-21	2026-05-21	d6bd96d1a9c8
centos	2026-05-17	2026-05-17	1aa9412938a0
centroid	2026-05-24	2026-05-24	e29eb856c332
ceo	2026-05-26	2026-05-26	4756ad17d9fa
ceph	2026-05-16	2026-05-16	27364b9ca9a6
cerebras	2026-05-18	2026-05-18	92e7f6c69f46
cerf	2026-05-21	2026-05-21	3e2cac23709c
cert-manager	2026-05-21	2026-05-21	243e5a5da4f9
cfg	2026-05-27	2026-05-27	92bffe13f837
cfo	2026-05-26	2026-05-26	f826045660d7
cgroups	2026-05-19	2026-05-19	e89cd5c567d9
chacha20	2026-05-19	2026-06-24	d18530b2d857
chai	2026-05-17	2026-05-17	cdb18977ac40
chakra	2026-05-16	2026-05-16	e71ee1549596
char	2026-05-16	2026-05-16	37136c36e743
character.ai	2026-05-18	2026-05-18	c83c675c8742
chatglm	2026-05-30	2026-05-30	38de3788bbda
chebyshev	2026-06-15	2026-06-15	0cc0e987bd2e
chezmoi	2026-05-30	2026-05-30	d0de365f0837
chi	2026-05-17	2026-05-17	03701584f928
chi-squared	2026-05-27	2026-05-27	4a51c3f2eea7
chinchilla	2026-05-27	2026-05-27	9b84ea048213
chmod	2026-05-16	2026-05-16	664d77c1e945
cholesky	2026-06-18	2026-06-18	3904754023a2
chollet	2026-05-21	2026-05-21	14adb8966a20
chown	2026-05-21	2026-05-21	5e0fba00e6f1
chro	2026-05-26	2026-05-26	f969efa69604
chroma	2026-05-16	2026-05-16	506a9ca11a08
chroot	2026-05-21	2026-05-21	2203db726723
churn	2026-05-21	2026-05-21	f3fed95efc52
chutes	2026-07-12	2026-07-12	711d7a58e86f
ci-cd	2026-05-17	2026-05-17	547a2301f6bd
cider	2026-05-27	2026-05-27	199504873a73
cidr	2026-05-16	2026-05-16	5b8680117981
cilium	2026-05-16	2026-05-16	3ed2827009ad
cio	2026-05-26	2026-05-26	cbd14347d874
circleci	2026-05-16	2026-05-16	46f5317d08e8
ciso	2026-05-26	2026-05-26	921dcdc5b323
citus	2026-07-12	2026-07-12	2be1b0b46bd1
clang	2026-05-21	2026-05-21	e7032f990c1f
clap	2026-05-23	2026-05-23	de3b208263ee
claude	2026-05-16	2026-05-16	0c7c8ebfcc72
clerk	2026-05-16	2026-05-16	6878c36f53fb
cli	2026-05-18	2026-05-18	5b3943ffddc3
clickhouse	2026-05-16	2026-05-16	f03954691aee
cline	2026-05-16	2026-05-16	5f823b6b3e84
clip	2026-05-18	2026-05-18	2c651a486c6c
clippy	2026-06-07	2026-06-07	22a95e93f30a
clojure	2026-05-16	2026-05-16	c5379c9c536d
closure	2026-05-17	2026-05-17	581bca680056
cloudflare	2026-05-16	2026-05-16	d8a9d61ba9a7
cloudfront	2026-05-24	2026-05-24	f1fba1fa2166
cmake	2026-05-21	2026-05-21	13a11d069ab2
cmo	2026-05-26	2026-05-26	468e2244b2d5
cnn	2026-05-18	2026-05-18	c10ed7c9a810
cobra	2026-05-17	2026-05-17	1fcef450d35e
coca	2026-06-18	2026-06-18	3b5c3726b98c
cockroachdb	2026-05-16	2026-05-16	2ce1e81553c5
codeact	2026-05-30	2026-05-30	13aef9902576
codebuff	2026-05-30	2026-05-30	0d7bcc82206e
codeium	2026-05-16	2026-05-16	4effb79f6d69
codestral	2026-05-30	2026-05-30	bede9fc33d00
codex	2026-05-16	2026-05-16	ad17f803dfff
cody	2026-05-16	2026-05-16	734b3559dd67
cogito	2026-07-12	2026-07-12	c8bb943b36a3
cognition	2026-05-18	2026-05-18	f1c2c77ff2fb
cognito	2026-05-24	2026-05-24	0a4264e6ad60
cogs	2026-05-21	2026-05-21	87047ed7387b
cohere	2026-05-16	2026-05-16	54eb0484bc27
cohort	2026-05-21	2026-05-21	25a258d652ff
colab	2026-05-21	2026-05-21	e02b003bf47e
colbert	2026-05-18	2026-05-18	ccd1188d2acd
colpali	2026-06-07	2026-06-07	380d0d7783a9
colt	2026-05-27	2026-05-27	c57e8e400fd5
comet	2026-05-17	2026-05-17	9c8282f34ebd
comfyui	2026-05-18	2026-05-18	a003ceae84c8
command-r	2026-05-18	2026-05-18	55d3c0c2e6c3
commit	2026-06-11	2026-06-11	90c62b62b1b0
compact	2026-06-11	2026-06-11	0c9a8814b763
composio	2026-05-18	2026-05-18	e6cd302c5a57
conda	2026-05-21	2026-05-21	220af6637b86
consul	2026-05-17	2026-05-17	b75f190836a8
containerd	2026-05-16	2026-05-16	02add59ce493
continual-learning	2026-05-28	2026-05-28	9428d6165c88
continue	2026-05-16	2026-05-16	cad7bfb2dac5
convex	2026-05-23	2026-05-23	8585bace4b8c
convnext	2026-05-27	2026-05-27	d18e9d4adbd2
coo	2026-05-26	2026-05-26	dc55ecd51a2c
coolify	2026-05-16	2026-05-16	98a171fd9148
coq	2026-05-17	2026-05-17	69014aa6a109
coqui	2026-05-18	2026-05-18	d1878b5536fa
coredns	2026-05-17	2026-05-17	c7122b42c930
coreml	2026-05-21	2026-05-21	ea1868951e67
coroutine	2026-05-17	2026-05-17	cd1b2b2d1f70
corpora	2026-05-24	2026-05-24	30a6b5757882
corpus	2026-05-24	2026-05-24	3da3e1729dc8
cors	2026-05-18	2026-05-18	7492fb5e3dcf
corsair	2026-07-17	2026-07-17	f14fd8ad8693
cos	2026-05-26	2026-05-26	3a991329fe82
cosign	2026-05-21	2026-05-21	4fb28e6810ca
cosine	2026-05-24	2026-05-24	7dbd94a2cba2
cosmos	2026-05-20	2026-05-20	a6303334aca6
cot	2026-05-27	2026-05-27	6ef44a637aea
couchbase	2026-05-21	2026-05-21	b844063f3a54
covariance	2026-05-24	2026-05-24	42f1f3892027
coze	2026-07-05	2026-07-05	78d6350636c4
cpc	2026-05-21	2026-05-21	5c3c0eb8a230
cpm	2026-05-21	2026-05-21	dbc32eb21ef4
cpo	2026-05-26	2026-05-26	e16cf604a52f
cpu	2026-05-18	2026-05-18	f5105f2ea1b1
cqrs	2026-05-17	2026-05-17	0273cbbe8adb
crafter	2026-05-26	2026-05-26	309d657fb97e
crate	2026-06-07	2026-06-07	5b94d2a18719
crdt	2026-05-18	2026-05-18	fa77e37c8f89
crewai	2026-05-16	2026-05-16	724353425397
cri-o	2026-06-19	2026-06-19	653575fa34a9
crm	2026-05-21	2026-05-21	a2a29dc8f5c5
cro	2026-05-26	2026-05-26	01998f70a8e2
cron	2026-05-21	2026-05-21	3fa39b5550f5
crontab	2026-05-21	2026-05-21	5060d4db5d57
crossplane	2026-05-16	2026-05-16	18ca392f0768
crud	2026-05-16	2026-05-16	7d3393d81788
crystal	2026-05-17	2026-05-17	36c705d9b8b7
cs	2026-05-26	2026-05-26	13b1ee43a696
csm	2026-05-26	2026-05-26	525eac7859f2
cso	2026-05-26	2026-05-26	2a2f05477385
csr	2026-05-18	2026-05-18	15001eb686bb
csrf	2026-05-18	2026-05-18	7aded69145b2
css	2026-05-18	2026-05-18	e4cd173be93c
cto	2026-05-26	2026-05-26	b7dfca98ded3
ctr	2026-05-21	2026-05-21	524e53508652
cuda	2026-05-17	2026-05-17	03684c44733c
cuda-toolkit	2026-05-17	2026-05-17	b197bdc05bbb
cudnn	2026-07-05	2026-07-05	f2ec750d786c
cue	2026-06-18	2026-06-18	c5d70670a229
curl	2026-05-16	2026-05-16	db67b55293c5
curriculum-learning	2026-05-28	2026-05-28	b534ceb8524a
cursor	2026-05-16	2026-05-16	8b418d939417
cutlass	2026-05-30	2026-05-30	eccfb97315d5
cve	2026-05-18	2026-05-18	0b4093ceeb14
cvpr	2026-05-27	2026-05-27	9b7e132b15e6
cvss	2026-05-18	2026-05-18	979e4f97bcc8
cygwin	2026-07-17	2026-07-17	d8898716f8f7
cypress	2026-05-16	2026-05-16	0fc0b2602c50
cython	2026-07-12	2026-07-12	793792e390ff
d2c	2026-05-21	2026-05-21	5400288c0b8c
d3	2026-05-17	2026-05-17	fd095cbb3a52
da	2026-05-26	2026-05-26	e80830747241
daemon	2026-05-21	2026-05-21	f7fd5472dc69
dag	2026-05-18	2026-05-18	5e9f8b5b6e3e
dagster	2026-05-17	2026-05-17	2865c38b4965
dahl	2026-05-21	2026-05-21	9890dcf0c1f4
daisyui	2026-05-16	2026-05-16	7f7de496fd29
dall-e	2026-05-16	2026-05-16	64501c7f5f9d
dapp	2026-05-18	2026-05-18	8774d1a0dbbd
dapr	2026-05-16	2026-05-16	361afd8e8b24
dart	2026-05-17	2026-05-17	17527bee1075
dask	2026-05-17	2026-05-17	e451193f869e
data2vec	2026-06-28	2026-06-28	a0f49617c03d
databricks	2026-05-16	2026-05-16	05cf0cd2cb95
datadog	2026-05-16	2026-05-16	8a0d64882035
dau	2026-05-21	2026-05-21	a832842dc6bb
daytona	2026-05-16	2026-05-16	31b70154ee37
dba	2026-05-26	2026-05-26	b91b8a27f5bf
dbrx	2026-05-18	2026-05-18	ac328c603c12
ddd	2026-05-17	2026-05-17	9ea3b94a2bb2
ddim	2026-05-27	2026-05-27	e320534229c3
ddpg	2026-05-26	2026-05-26	c0d2e6d3157c
ddpm	2026-05-27	2026-05-27	34569c250f34
de	2026-05-26	2026-05-26	afb8281e5f8c
deberta	2026-05-21	2026-05-21	520ab93c08d4
debezium	2026-07-17	2026-07-17	c76d6b0bc04b
debian	2026-05-16	2026-05-16	3d21ab3aaa1e
deepgemm	2026-05-30	2026-05-30	81eeb423fca5
deepseek	2026-05-18	2026-05-18	a40fa7974760
deepseek-r1	2026-05-19	2026-05-19	ec052239acc6
deepspeed	2026-05-17	2026-05-17	fdea9bf5f51f
delta	2026-05-20	2026-05-20	7aefb60cad06
delta-lake	2026-05-17	2026-05-17	1163a4cdf2de
deno	2026-05-16	2026-05-16	b37463e9fe73
densenet	2026-05-27	2026-05-27	1ba29cb8b752
deprecate	2026-06-11	2026-06-11	c528bc5adc06
deque	2026-05-21	2026-05-21	e989997e8ceb
descript	2026-05-18	2026-05-18	f5d8f6ebdb1c
determinant	2026-05-24	2026-05-24	ed78d7ef8ed0
devin	2026-05-17	2026-05-17	87ed42d07028
devlin	2026-05-21	2026-05-21	90e0f08bf8cc
devops	2026-05-18	2026-05-18	4dad97c6c3bb
dgraph	2026-05-17	2026-05-17	6a0d9ac87c56
dhall	2026-06-18	2026-06-18	4c9aa50c63b5
dhcp	2026-05-18	2026-05-18	1b91477aefd6
dia	2026-05-18	2026-05-18	4db804e709c1
diesel	2026-05-17	2026-05-17	2d25be918a03
difftastic	2026-05-20	2026-05-20	0f6390928ff3
diffusers	2026-05-21	2026-05-21	49ec97d3ba1d
diffusion	2026-05-27	2026-05-27	ff8c8cdc1b8e
dify	2026-05-18	2026-05-18	e5e8d8531d88
dijkstra	2026-05-18	2026-05-19	917ff4cb4725
dino	2026-05-18	2026-05-18	3a4c8f6ee066
dino-wm	2026-06-28	2026-06-28	437a0518826e
dinov2	2026-06-28	2026-06-28	64853e6ef48e
dinov3	2026-06-28	2026-06-28	9f47c3c03bab
dioxus	2026-05-17	2026-05-17	61187b6644c5
directus	2026-05-21	2026-05-21	d41bcc69b2ab
directx	2026-05-24	2026-05-24	1faa51071a7e
dirichlet	2026-06-19	2026-06-19	a209405a84dd
distill	2026-05-24	2026-05-24	cfc798e360c1
distillation	2026-05-24	2026-05-24	53c152b95450
dit	2026-05-27	2026-05-27	c84f2eb2e67b
django	2026-05-16	2026-05-16	7db1219e861b
dma	2026-05-18	2026-05-18	a2308397b899
dns	2026-05-16	2026-05-16	5fb8fcc62392
docker	2026-05-16	2026-05-16	23167d2fe8ac
dom	2026-05-18	2026-05-18	a9ef0d8a93c6
dora	2026-05-27	2026-05-27	310d3e166f68
doris	2026-05-19	2026-05-19	107bca628544
doubao	2026-05-18	2026-05-18	56b80f9a814d
dovecot	2026-05-21	2026-05-21	23bb103595cb
downstream	2026-05-28	2026-05-28	94e98c052d9f
dpo	2026-05-18	2026-05-18	b6d317092036
dragonfly	2026-05-16	2026-05-16	fa0a420ee494
dram	2026-05-18	2026-05-18	4949d81d0347
dreamer	2026-05-26	2026-05-26	c5530f9e90a7
dreamerv3	2026-05-26	2026-05-26	7f2841e266ea
dri	2026-05-26	2026-05-26	af07242bdd2d
dria	2026-05-18	2026-05-18	bfaf9007e0a2
drizzle	2026-05-16	2026-05-16	2897520860e7
druid	2026-05-19	2026-05-19	35d1ee80bba8
dry	2026-05-16	2026-05-16	55911568a109
ds	2026-05-26	2026-05-26	51cf64083f5e
dspy	2026-05-16	2026-05-16	51fbd07802b3
dto	2026-05-18	2026-05-18	cece47ca58ab
duckdb	2026-05-16	2026-05-16	57c61f2ef9c8
dvc	2026-05-17	2026-05-17	81ac402fb268
dyad	2026-07-05	2026-07-05	d45ca40063fa
dynamodb	2026-05-17	2026-05-17	2f87053e0b25
e2b	2026-05-18	2026-05-18	df8e77478c5e
e2e	2026-05-19	2026-05-19	fcf399234891
ebitda	2026-05-21	2026-05-21	e401d9aad0e8
ebpf	2026-05-17	2026-05-17	8f43d1d6da8a
ebr	2026-05-26	2026-05-26	454d557a4bdd
ec2	2026-05-19	2026-05-19	794f3c7f2877
ecc	2026-05-18	2026-05-18	04992fee340d
ece	2026-05-27	2026-05-27	96dfe13dc524
echo	2026-05-17	2026-05-17	7ecceb4b1a46
ecma	2026-05-19	2026-05-19	ec86c0d226e2
ecs	2026-05-19	2026-05-19	d7be2f7ba32d
ed25519	2026-05-19	2026-05-19	3f2c4599a0b1
edgedb	2026-05-16	2026-05-16	37594d47307a
edm	2026-05-27	2026-05-27	04241ad66ec4
effect	2026-05-23	2026-05-23	455201b31d21
effector	2026-05-17	2026-05-17	13254b674d36
efficientnet	2026-05-27	2026-05-27	47360f281bd7
egocentric	2026-05-26	2026-05-26	9f117c1eb277
egui	2026-05-30	2026-05-30	258c874a3182
eigen	2026-05-24	2026-05-24	2920208e61ef
eigenvalue	2026-05-24	2026-05-24	482355c51855
einops	2026-05-21	2026-05-21	989168451481
einsum	2026-07-05	2026-07-05	10f45059d789
eks	2026-05-19	2026-05-19	025df44f90d7
elasticsearch	2026-05-16	2026-05-16	9c9617c93cab
elbo	2026-05-27	2026-05-27	00c28031d7be
electra	2026-05-27	2026-05-27	cd802018baf8
electron	2026-05-17	2026-05-17	3e6a88f3cf89
elevenlabs	2026-05-18	2026-05-18	9528d6d4f58a
eleventy	2026-05-17	2026-05-17	44cbf618e26b
elixir	2026-05-16	2026-05-16	5008cf37b570
elmo	2026-05-27	2026-05-27	5cba7f0cd1f6
elo	2026-07-12	2026-07-12	de9eeba464a8
elt	2026-05-18	2026-05-18	c3729d580b1d
elysia	2026-05-23	2026-05-23	2a2514a36682
em	2026-05-26	2026-05-26	68ac056f75ca
emacs	2026-05-16	2026-05-16	ec879539f38b
embedding	2026-05-24	2026-05-24	e274a4fb9ff0
ember	2026-05-17	2026-05-17	f79269fec517
embodied	2026-05-26	2026-05-26	8b4d7fe31793
emnlp	2026-05-27	2026-05-27	5b8cfc534d91
encapsulation	2026-05-17	2026-05-17	9bb06ba539da
ens	2026-05-18	2026-05-18	385d3ff01f53
ensemble	2026-05-24	2026-05-24	3a30599f0a25
entropy	2026-05-24	2026-05-24	98d0aa6cff6d
enum	2026-05-16	2026-05-16	bce3e281aa9b
envoy	2026-05-16	2026-05-16	22d278d62d65
ephemeral	2026-05-24	2026-05-24	54a4989ea913
epic	2026-05-21	2026-05-21	da8a34de3a40
epistemic	2026-06-15	2026-06-15	facd8b5a35e9
epoch	2026-05-24	2026-05-24	d21d93c6ff8b
epoll	2026-05-21	2026-05-21	bae27553bc48
epsilon	2026-05-20	2026-05-20	ff756f510b94
erdos	2026-06-18	2026-06-18	00a063d292bc
ergodic	2026-05-26	2026-05-26	2a27ef8d4942
erlang	2026-05-16	2026-05-16	a8a846965547
ernie	2026-05-23	2026-05-23	5be646cbbfae
erp	2026-05-21	2026-05-21	f0a00d0a55b5
esbuild	2026-05-16	2026-05-16	0215c5b32ed4
eslint	2026-05-16	2026-05-16	b3c0404b67bd
eta	2026-05-24	2026-05-24	864a8e3f9c59
etcd	2026-05-16	2026-05-19	193933ce9eaa
etched	2026-05-18	2026-05-18	9a3703525723
ethereum	2026-05-17	2026-05-17	96b8fb09fc39
etl	2026-05-16	2026-05-16	7d2b7886039b
euler	2026-05-24	2026-05-24	43ddd8f32b4f
evm	2026-05-18	2026-05-18	0f3c306abf59
evp	2026-05-26	2026-05-26	fc4dc4a3dc60
exa	2026-05-18	2026-05-18	cae091898d2b
exaone	2026-05-30	2026-05-30	bdd3503996f7
excalidraw	2026-05-18	2026-05-18	919dea01f92b
exec	2026-06-11	2026-06-11	1cdcaa349c98
exim	2026-05-21	2026-05-21	b2b460441f18
exl2	2026-05-30	2026-05-30	753cdca45487
expo	2026-05-17	2026-05-17	e9db72ec9571
express	2026-05-17	2026-05-17	9d2f7bad57ae
eza	2026-05-16	2026-05-16	ddbec2de494b
f-	2026-05-17	2026-05-17	3885cbf77c44
f1	2026-05-27	2026-05-27	be29b102d2d5
fable	2026-06-15	2026-06-15	7a6edb22d0fd
facade	2026-05-24	2026-05-24	48daaa1fb712
faiss	2026-05-18	2026-05-18	fc2aa3182b16
falco	2026-05-16	2026-05-16	d68e519077b2
falcon	2026-05-18	2026-05-18	5899d1b5b2fe
fargate	2026-05-24	2026-05-24	30b364bcc76f
fastapi	2026-05-16	2026-05-16	4699735a7f08
fastify	2026-05-17	2026-05-17	c7b77dd73a16
fastly	2026-05-17	2026-05-17	18de73b99325
faunadb	2026-05-17	2026-05-17	7b80e1774463
fde	2026-05-26	2026-05-26	ba7bb9f06688
fe	2026-05-26	2026-05-26	0d344f6dbbba
fedora	2026-05-17	2026-05-17	4f3994f2ccbb
few-shot	2026-05-28	2026-05-28	feb1df28fbbd
fiber	2026-05-17	2026-05-17	be0dee3c464d
fid	2026-05-27	2026-05-27	4e694a730bf4
fido	2026-05-17	2026-05-17	4dada07d182a
fifo	2026-05-18	2026-05-18	39985ec769ad
figma	2026-05-18	2026-05-18	106012741738
fine-tune	2026-05-28	2026-05-28	e23a37b52d96
fine-tuning	2026-05-28	2026-05-28	181e6c9ec0a3
finops	2026-05-18	2026-05-18	6c3825d2597c
firebase	2026-05-24	2026-05-24	d8847f9a6d35
firecracker	2026-05-21	2026-05-21	b726cac961d6
firecrawl	2026-05-18	2026-05-18	3077e398da0b
fireworks.ai	2026-05-18	2026-05-18	1fe29a8f320c
fish	2026-05-18	2026-05-18	62fd54850653
flac	2026-05-24	2026-05-24	1f97e372cde6
flannel	2026-05-17	2026-05-17	9c03789bc083
flashattention	2026-05-30	2026-05-30	b54644d57c66
flashinfer	2026-05-30	2026-05-30	eb2162ff10e8
flask	2026-05-17	2026-05-17	351880371504
flax	2026-05-21	2026-05-21	02d9e07b2673
fleet	2026-05-17	2026-05-17	7ed774db73b5
flink	2026-05-17	2026-05-17	bee2af3cceb5
flowise	2026-05-21	2026-05-21	6a5d201b7771
fltk	2026-07-17	2026-07-17	a202b1e83d00
fluentd	2026-05-16	2026-05-16	0e647bd220ea
fluss	2026-07-12	2026-07-12	d5d8d384511f
flutter	2026-05-17	2026-05-17	c23bb4c3491b
flux	2026-05-18	2026-05-18	6aaeffb0553a
fluxcd	2026-05-16	2026-05-16	5ae957c24f22
fly.io	2026-05-17	2026-05-17	fee07364970a
flywheel	2026-05-21	2026-05-21	505f67c5aa0d
fokker-planck	2026-06-15	2026-06-15	5dae12f8dd85
fooocus	2026-05-21	2026-05-21	c5a323b1a9fe
forgejo	2026-05-18	2026-05-18	6f2b0ced7f90
foundry	2026-05-19	2026-05-19	15c16aab9282
fp	2026-05-17	2026-05-17	dd34ad4913bb
fpga	2026-05-18	2026-05-18	3bdc033f4588
fr-chet	2026-05-27	2026-05-27	fd6bf4552267
framer	2026-05-18	2026-05-18	6576e22c7f6f
freebsd	2026-05-17	2026-05-17	89410e8cf615
freemium	2026-05-21	2026-05-21	2a4528deef64
frobenius	2026-06-15	2026-06-15	fb0e125a338b
fsck	2026-05-21	2026-05-21	26090aeb63f1
fsdp	2026-05-30	2026-05-30	3f912363b5a0
fse	2026-05-26	2026-05-26	2c885c0a3c12
fugatto	2026-07-05	2026-07-05	07704a5140dd
fulcio	2026-05-21	2026-05-21	269b8d13e71b
function-calling	2026-05-28	2026-05-28	cdd213c7adc9
functor	2026-05-17	2026-05-17	1ead26a06049
funnel	2026-05-21	2026-05-21	f198f9382f50
fzf	2026-05-16	2026-05-16	a6f4259662a2
g11n	2026-05-19	2026-05-19	709b427d73ff
gaia	2026-07-12	2026-07-12	988ab5ea50a7
galois	2026-06-19	2026-06-19	a107bdecfa6c
galore	2026-06-18	2026-06-18	7bb60b746af3
gamma	2026-05-18	2026-05-18	cee64af2833a
gan	2026-05-18	2026-05-18	fc20dd355f53
garnet	2026-05-16	2026-05-16	b5801e52f8d1
gato	2026-05-26	2026-05-26	c4138f210d81
gatsby	2026-05-17	2026-05-17	4dba376026fb
gaussian	2026-05-24	2026-05-24	0dbd25a85a0c
gazebo	2026-05-26	2026-05-26	f5f09fb63f27
gcc	2026-05-21	2026-05-21	dde2f8bea74c
gcp	2026-05-16	2026-05-16	c0694c919ec6
gdb	2026-05-21	2026-05-21	d21c321f08fb
gdpr	2026-05-18	2026-05-18	23bd46823e6b
gelu	2026-05-18	2026-05-18	fdd51159c333
gem	2026-05-21	2026-05-21	84878abd2fc6
gemini	2026-05-16	2026-05-16	e9de4e1ff377
gemm	2026-07-05	2026-07-05	45b39f9aa9e5
gemma	2026-05-18	2026-05-18	5a2b5895eb4b
generator	2026-05-17	2026-05-17	7c8aedf12ee6
genie	2026-06-07	2026-06-07	4b57a1a5fe5f
genie-2	2026-06-28	2026-06-28	82d4cb6ef668
gensim	2026-05-21	2026-05-21	f18c75cf4cd6
gentoo	2026-05-21	2026-05-21	8e040fcd370f
geodesic	2026-05-26	2026-05-26	2ff5cfc37836
ggml	2026-05-21	2026-05-21	cb77e930c339
gguf	2026-05-21	2026-05-21	101de9732b23
ghidra	2026-07-12	2026-07-12	aaf71332b807
ghodsi	2026-07-12	2026-07-12	1e18810bc859
ghostty	2026-05-18	2026-05-18	1ece701b98c3
gif	2026-05-16	2026-05-19	4889e7fe9a45
gin	2026-05-17	2026-05-17	38618d8c9371
gitea	2026-05-18	2026-07-12	4b448437274f
github	2026-05-16	2026-05-16	1e48958ecac0
gitlab	2026-05-16	2026-05-16	0a348612ed57
gitops	2026-05-18	2026-05-18	8de3620c35f4
gke	2026-05-19	2026-05-19	85a7d24023ce
gleam	2026-05-16	2026-05-16	a462ebe8d815
glm	2026-05-23	2026-05-23	6ab6ee17028b
gm	2026-05-26	2026-05-26	e283cfc19bff
gnome	2026-05-21	2026-05-21	a71e1ac42feb
gnu	2026-05-16	2026-05-16	bfff81d51b00
go	2026-05-18	2026-05-18	f15d2d3a3969
godot	2026-05-17	2026-05-19	5db7f9062fe7
golang	2026-05-21	2026-05-21	f4bf64b72da6
goodfellow	2026-05-21	2026-05-21	14fdf87a8215
googlenet	2026-05-27	2026-05-27	ad03ab7a6df3
goose	2026-05-23	2026-05-23	b0a1f2c0ac52
gopher	2026-05-27	2026-05-27	0c3c8996123b
gorm	2026-05-17	2026-05-17	b5e7f7d8e587
gossip	2026-05-19	2026-05-19	4df04de540ff
gpg	2026-05-17	2026-05-17	2dd020b9a8f0
gpm	2026-05-26	2026-05-26	bfb5de15e91e
gpt	2026-05-16	2026-05-16	0b993f26387f
gptq	2026-05-30	2026-05-30	540728bbbb30
gpu	2026-05-18	2026-05-18	a8e00c3b27fa
gqa	2026-05-30	2026-05-30	2716ac8d943c
graalvm	2026-05-17	2026-05-17	17601d56fa0a
grace	2026-05-19	2026-05-19	37dfdacefcc4
gradio	2026-05-18	2026-05-18	057c37c9d6d0
gradle	2026-05-16	2026-05-16	e453e62bb0de
grafana	2026-05-16	2026-05-16	8cf89fc5694e
graphql	2026-05-16	2026-05-16	c64d81da4951
graphrag	2026-05-27	2026-05-27	451b3f8a2fc5
gravitino	2026-07-12	2026-07-12	450c672be07b
graylog	2026-05-21	2026-05-21	6ffae6159d01
grok	2026-05-18	2026-05-18	acf8b6293c4d
groot	2026-05-26	2026-05-26	9968598d0642
groq	2026-05-18	2026-05-18	7506f1bbe169
grounding	2026-05-28	2026-05-28	53281e1977eb
grpc	2026-05-16	2026-05-16	fbe68f686137
grpo	2026-05-18	2026-05-18	7e37e96f2d74
grr	2026-05-21	2026-05-21	115ca5b1eb18
gru	2026-05-18	2026-05-18	669f3effeb93
grub	2026-05-21	2026-05-21	7722b1b390ab
grype	2026-07-12	2026-07-12	49428a7ba8bd
gtm	2026-05-21	2026-05-21	89397808d568
guardrails	2026-05-17	2026-05-17	dba70e26dbb1
gui	2026-05-16	2026-05-16	add25937c96a
guice	2026-07-17	2026-07-17	dfaf2dabb262
guid	2026-05-18	2026-05-18	8669a02483a3
guido	2026-05-21	2026-05-21	95002f567c5e
guix	2026-05-21	2026-07-12	d9a8d8771a91
gumbel	2026-06-15	2026-06-15	677ed1c3d7aa
gunicorn	2026-05-18	2026-05-18	a3062a15f03c
gvisor	2026-05-21	2026-05-21	38f6f41a5a5f
gymnasium	2026-05-26	2026-05-26	5d68c4ac6faf
habitat	2026-05-26	2026-05-26	e29b4cb8dfa7
hadamard	2026-06-15	2026-06-15	a61b60425657
hadoop	2026-05-17	2026-05-17	d405c42a2738
haiku	2026-05-19	2026-05-19	d0e5a2f2d6f2
hailuo	2026-05-30	2026-05-30	2f49772cfc67
hallucinate	2026-05-28	2026-05-28	8c8924b2090f
hallucination	2026-05-28	2026-05-28	3382df3da420
hamiltonian	2026-06-15	2026-06-15	2f43aa7f6367
hapi	2026-05-17	2026-05-17	e380a62911ae
haproxy	2026-05-17	2026-05-17	e20c9396f8c2
hardhat	2026-05-19	2026-05-19	b133129a4d61
hashicorp	2026-05-16	2026-05-16	da61f7cb270a
haskell	2026-05-16	2026-05-16	cc0970041407
hassabis	2026-05-21	2026-05-21	4cfaa9e26027
hasura	2026-05-16	2026-05-16	9dea47990f5a
haxe	2026-07-17	2026-07-17	42bc0d2de210
haystack	2026-05-17	2026-05-17	affdafd38e01
headless	2026-06-11	2026-06-11	a2c290427fcb
heartbleed	2026-05-19	2026-05-19	b09d2063487a
hedra	2026-05-30	2026-05-30	28c2871454e3
heic	2026-05-24	2026-05-24	eef361ac907a
heinemeier	2026-05-21	2026-05-21	99a2831375cc
hejlsberg	2026-05-21	2026-05-21	2071fcc927fe
helicone	2026-05-18	2026-05-18	ccd370265ad9
helion	2026-07-12	2026-07-12	a2003bdd7471
helix	2026-05-16	2026-05-16	f4b6dbeefa47
helm	2026-05-16	2026-05-16	1c59d2f65792
helmholtz	2026-06-15	2026-06-15	67e62d8486df
hermes	2026-05-18	2026-05-18	c20e314cba93
heroku	2026-05-16	2026-05-16	a99ba6c77dc0
hessian	2026-05-24	2026-05-24	b8490100957a
heuristic	2026-05-24	2026-05-24	64a130fbe6cc
hhh	2026-05-28	2026-05-28	347c166caa00
hickey	2026-05-21	2026-05-21	d9dd56628073
hikari	2026-07-12	2026-07-12	380d9547361b
hilbert	2026-06-15	2026-06-15	fdfd9d6fc269
hinton	2026-05-21	2026-05-21	1de498f2b3fc
hipaa	2026-05-18	2026-05-18	87ddee30a367
hive	2026-05-17	2026-05-17	1ed1c6f0ce58
hlc	2026-05-19	2026-05-19	c4772346ab74
hmm	2026-05-27	2026-05-27	fbabf363fe1f
hnsw	2026-05-18	2026-05-18	8ec425b1fe6a
hochreiter	2026-05-21	2026-05-21	83ef2097e40b
holonomic	2026-05-26	2026-05-26	cf50ccafadf9
homebrew	2026-05-17	2026-05-17	4dd623f81794
honeycomb	2026-05-16	2026-05-16	c8be56239e94
hono	2026-05-16	2026-05-16	7a9f11ba6d79
hopfield	2026-05-27	2026-05-27	77877200dcd1
hopper	2026-05-19	2026-05-19	7c75beecb231
hoppscotch	2026-05-18	2026-05-18	47a625e8af25
horovod	2026-07-05	2026-07-05	705e4c57031b
howard	2026-05-21	2026-05-21	b40bfa05d7c7
hrbp	2026-05-26	2026-05-26	0ccc3cf08342
html	2026-05-18	2026-05-18	550ed5ee756e
htmx	2026-05-16	2026-05-16	10a382d69cfd
htop	2026-05-16	2026-05-16	71f4317c3832
http	2026-05-18	2026-05-18	00b03f6c4ef4
httpie	2026-05-18	2026-05-19	16b730e89a3a
https	2026-05-18	2026-05-18	60c5179abeb0
huang	2026-05-21	2026-05-21	0bc08aae27e3
hudi	2026-05-17	2026-05-17	7ff68cfb91b4
huggingface	2026-05-16	2026-05-16	b3aec6def313
hugo	2026-05-16	2026-05-16	31cc4b8c929d
hume	2026-07-05	2026-07-05	187c81784066
hunyuan	2026-05-18	2026-05-18	fa47685ab4de
huyen	2026-07-12	2026-07-12	42920828d999
hyde	2026-05-27	2026-05-27	f2d3ffd37a3d
hyena	2026-05-27	2026-05-27	0b8010fbcb69
hykes	2026-05-21	2026-05-21	cb7fbc1b297a
hymba	2026-06-19	2026-06-19	f1c334da5bc3
hyper	2026-05-17	2026-05-17	a04ef22cdc14
hyperfine	2026-05-20	2026-05-20	b294defb6a0e
hyperparameter	2026-05-24	2026-05-24	7af67a8bb077
hyprland	2026-05-21	2026-05-21	c77af6299f7d
i-jepa	2026-06-28	2026-06-28	453a9b59b2f5
i18n	2026-05-19	2026-05-19	cccab669ea95
ia3	2026-05-27	2026-05-27	f519f7ff4b44
iaas	2026-05-21	2026-05-21	cb44fdc2ac3d
iam	2026-05-19	2026-05-19	9a01ce624ce3
ibot	2026-06-28	2026-06-28	39ddfa92b2bc
ic	2026-05-26	2026-05-26	3b308db07a71
ica	2026-05-27	2026-05-27	35fd91f20e4f
iceberg	2026-05-17	2026-05-17	8ab40ac31a35
icl	2026-05-27	2026-05-27	42cc3e43d1ad
iclr	2026-05-27	2026-05-27	d1dd323af1e8
icml	2026-05-27	2026-05-27	7cd6edc9e84a
icmp	2026-05-18	2026-05-18	65451c1c6c52
ico	2026-05-24	2026-05-24	1fbd9ec94f2a
icp	2026-05-21	2026-05-21	2777acda58e5
ide	2026-05-18	2026-05-18	3af708ac2306
idempotent	2026-05-17	2026-05-17	0083c2bc4838
ideogram	2026-05-18	2026-05-18	357f837eeed0
idris	2026-05-17	2026-05-17	b8fb0a44ea5a
ietf	2026-05-19	2026-05-19	079d60e0e511
ijcai	2026-05-27	2026-05-27	0cc417a01593
immich	2026-07-17	2026-07-17	0dd1eb9fecf8
immudb	2026-05-16	2026-05-16	c2d51bc91caf
impala	2026-05-26	2026-05-26	be39f18313ff
inception	2026-05-27	2026-05-27	a9df7c9087e5
inference	2026-05-24	2026-05-24	87b6908ded72
inflection	2026-05-18	2026-05-18	1963e4725110
influxdb	2026-05-16	2026-05-16	cc32e9e4977d
init	2026-06-11	2026-06-11	1d84740feda6
initrd	2026-05-21	2026-05-21	3ad0d76ab7b4
inngest	2026-07-05	2026-07-05	4b08c210a33a
instruct	2026-05-28	2026-05-28	7eeefe41aa2b
instruction-tuning	2026-05-28	2026-05-28	b3f5e9173870
instructor	2026-05-17	2026-05-17	44bcff4d0fe5
intellij	2026-05-16	2026-05-16	297756709766
internlm	2026-05-23	2026-05-23	98033a8960c3
invokeai	2026-05-21	2026-05-21	aee47c59fa6d
io_uring	2026-05-19	2026-05-19	94912f055b3f
ion-stoica	2026-07-12	2026-07-12	80469542a105
ionic	2026-05-17	2026-05-17	f2756a624c36
iou	2026-05-27	2026-05-27	8857204bf036
ipfs	2026-05-17	2026-05-17	5ef6d4f94d7c
ipo	2026-05-27	2026-05-27	b6ee685a9df8
iris	2026-06-28	2026-06-28	91b9f56da5ee
isaac	2026-05-26	2026-05-26	54a77bc3be89
isr	2026-05-18	2026-05-18	78deca69d280
istio	2026-05-16	2026-05-16	bc0d5ccbf800
iterator	2026-05-17	2026-05-17	4ef70ce90315
ito	2026-06-15	2026-06-15	63834d9b05df
jacobian	2026-05-24	2026-05-24	8dcf254507f8
jaeger	2026-05-16	2026-07-12	a6ff15c7d658
jailbreak	2026-05-28	2026-05-28	5bc5f783e8b0
jalape-o	2026-07-17	2026-07-17	06db5cb01a5e
jamba	2026-05-18	2026-05-18	6058e5aca8d2
janus	2026-06-07	2026-06-07	769b97dd0383
javascript	2026-05-18	2026-05-18	98dcb77c196e
jax	2026-05-16	2026-05-16	68fd2f261971
jdbc	2026-05-18	2026-05-18	c613aa5ad714
jekyll	2026-05-17	2026-05-17	cbc4a4f75511
jenkins	2026-05-16	2026-05-16	a853aaa7ca58
jepa	2026-05-26	2026-05-26	61dcc16b653a
jest	2026-05-16	2026-05-16	5ab01c671997
jina	2026-07-12	2026-07-12	c32c22f87567
jinja	2026-07-12	2026-07-12	ac4f1838ec93
jit	2026-05-16	2026-05-16	bcbfc7693b9a
jooq	2026-07-12	2026-07-12	4a8eca349629
jotai	2026-05-16	2026-05-16	1e2b2fc0a22a
jpa	2026-05-18	2026-05-18	734e61f67099
jpeg	2026-05-24	2026-05-24	e2291845ef0c
jq	2026-05-20	2026-05-20	2d7cda92a53e
jsd	2026-05-27	2026-05-27	cb7f9c96b64e
json	2026-05-16	2026-05-16	5287252eadf2
jsonnet	2026-06-18	2026-06-18	4a320fb37d1e
judea-pearl	2026-05-27	2026-05-27	296bc00810e3
jujutsu	2026-05-18	2026-05-18	8336ef451fb8
julia	2026-05-16	2026-05-16	ae84e8223ddd
junie	2026-07-05	2026-07-05	4c5694095798
junit	2026-05-17	2026-05-17	709fde59343f
jupyter	2026-05-16	2026-05-16	cc1ca4ff320a
just	2026-05-16	2026-05-16	2778ce355157
jvm	2026-05-17	2026-05-17	124a234b49f2
jwt	2026-05-16	2026-05-16	f5b36ca26cd1
k3s	2026-05-16	2026-05-16	35050a1594b9
k8s	2026-05-16	2026-05-16	ffd5a421516e
k9s	2026-05-16	2026-05-16	0b8eba02ca37
kafka	2026-05-16	2026-05-16	8f3177e305e9
kaggle	2026-05-21	2026-05-21	862a711849a1
kagi	2026-05-18	2026-05-18	b313f34b14bc
kairos	2026-07-12	2026-07-12	dc8547b271e1
kakoune	2026-05-21	2026-05-21	97ae6af417b3
kanban	2026-05-21	2026-05-21	c5fa7d12d8c8
kaniko	2026-05-21	2026-05-21	a24bf2c3722d
kappa	2026-05-20	2026-05-20	655ec1798e39
karmada	2026-06-18	2026-06-18	56b059cc6be2
karpathy	2026-05-18	2026-05-18	b82a7c69e752
karpenter	2026-05-16	2026-05-16	4159dd3b9139
kdd	2026-05-27	2026-05-27	465eb865625a
kde	2026-05-21	2026-05-21	8a8c63f29a40
kdl	2026-06-18	2026-06-18	f95ad69cb06f
keda	2026-05-21	2026-05-21	57b8c55f9672
keepalived	2026-05-21	2026-05-21	ba7a2360bfc1
keptn	2026-07-17	2026-07-17	a091483e1e78
keras	2026-05-18	2026-05-18	3d83ddaede4b
kernel	2026-05-21	2026-05-21	09b0ed6d6138
kernighan	2026-05-21	2026-05-21	5463212b22e2
keydb	2026-05-21	2026-05-21	d792e9e84b4d
kibana	2026-05-21	2026-05-21	02b0bda542fb
kimi	2026-05-18	2026-05-18	15fe3529ee44
kinematics	2026-05-26	2026-05-26	375549d1ee8a
kinesis	2026-05-24	2026-05-24	ed16e7d2fe5d
kingma	2026-05-21	2026-05-21	8c0e40faf74c
kiro	2026-07-05	2026-07-05	fb687226ac5c
kiss	2026-05-16	2026-05-16	63bd150c51b0
kitty	2026-05-16	2026-05-16	a099520b0bfd
kkt	2026-05-27	2026-05-27	833b72200c6d
kl	2026-05-27	2026-05-27	832b26cbaf2f
kling	2026-05-18	2026-05-18	f05b978c4516
kms	2026-05-19	2026-05-19	2b6a8f140b56
knative	2026-05-16	2026-05-21	30d588b246d5
knex	2026-05-21	2026-05-21	f415f9a185b2
knip	2026-05-30	2026-05-30	de44da183020
knn	2026-05-27	2026-05-27	b7e09997bf61
knuth	2026-05-21	2026-05-21	f90def65acc0
koa	2026-05-17	2026-05-17	d82939349399
koka	2026-05-30	2026-05-30	578f99eddda2
kokoro	2026-07-05	2026-07-05	4f4dac8e1b42
kolmogorov	2026-07-12	2026-07-12	e0aef3dc6a8b
kontext	2026-06-07	2026-06-07	6fe469edb059
koopman	2026-06-15	2026-06-15	318a7c8620a6
kosmos	2026-06-15	2026-06-15	d655692cf3a1
kotlin	2026-05-16	2026-05-16	e23e746afaa4
kpi	2026-05-18	2026-05-18	ddb11e8124e6
kr	2026-05-26	2026-05-26	42cc40206a33
krea	2026-05-30	2026-05-30	095eaaabcf15
krizhevsky	2026-05-21	2026-05-21	5b6c8a629767
krkn	2026-07-12	2026-07-12	7a094ab2dff8
kronecker	2026-06-15	2026-06-15	86542f7e238b
kto	2026-05-27	2026-05-27	ce6cd12c9e51
ktor	2026-07-12	2026-07-12	403e38da2659
kuaishou	2026-07-12	2026-07-12	b59afcec59f1
kuasar	2026-07-12	2026-07-12	8a546d5f12a8
kubeadm	2026-05-21	2026-05-21	0108b772a9ce
kubectl	2026-05-16	2026-05-16	920f6d89946a
kubeflow	2026-05-21	2026-05-21	fe9c6edfadde
kubernetes	2026-05-16	2026-05-16	367b8cbbbd35
kueue	2026-07-17	2026-07-17	4e30136bf42b
kullback-leibler	2026-06-15	2026-06-15	c1fd370ddc0d
kuma	2026-06-18	2026-06-18	afe3b0124339
kured	2026-07-12	2026-07-12	4da50327cdd5
kurtosis	2026-06-19	2026-06-19	7c62189da707
kustomize	2026-06-18	2026-06-18	ffc4f2d58c2b
kysely	2026-05-21	2026-05-21	7dbfc3392113
kyutai	2026-06-19	2026-06-19	14d07d5e7447
kyverno	2026-05-16	2026-05-16	12ba8df412f1
l10n	2026-05-19	2026-05-19	c54f5a957275
lage	2026-05-17	2026-05-17	ff7f76ae7150
lagrange	2026-05-24	2026-05-24	cb604eb539ed
lagrangian	2026-05-24	2026-05-24	8ec43d0ed3b2
lambda	2026-05-17	2026-05-17	24826b537871
lamport	2026-05-19	2026-05-19	8d70526c94fe
lan	2026-05-18	2026-05-18	63bd138ac725
lancedb	2026-05-21	2026-05-21	715a7b071bed
langchain	2026-05-16	2026-05-16	14ed33eda844
langevin	2026-06-15	2026-06-15	612312ea0189
langflow	2026-05-21	2026-05-21	bb2d2cbec324
langfuse	2026-05-18	2026-05-18	b3d67412aff6
langgraph	2026-05-21	2026-05-21	bd43129dd59e
langsmith	2026-05-18	2026-05-18	ed30cdf2221c
lapce	2026-05-17	2026-05-17	d4549709954b
laplace	2026-05-24	2026-05-24	bdc58761c79e
laplacian	2026-05-24	2026-05-24	c52cf9269428
laravel	2026-05-17	2026-05-17	49c36a31cc46
latent	2026-05-24	2026-05-24	affbda7bcf0f
latex	2026-05-16	2026-05-19	8c236b7e0722
lazydocker	2026-05-16	2026-05-16	79738201d796
lazygit	2026-05-16	2026-05-16	d7e5fc6ddd5c
lazyvim	2026-05-16	2026-05-16	cba895682afa
le-chat	2026-07-05	2026-07-05	23d393c8264d
lean	2026-05-17	2026-05-17	fe0a2e252e74
lebesgue	2026-06-15	2026-06-15	714f759a4501
lecun	2026-05-21	2026-05-21	c312fc2c1126
leiningen	2026-07-12	2026-07-12	eb5dbfde341f
leptos	2026-05-17	2026-05-17	6fbc7d9a712c
lerdorf	2026-05-21	2026-05-21	28ed44439f22
lerna	2026-05-16	2026-05-16	10561ac134dc
less	2026-05-18	2026-05-18	06b32e76e2b0
letta	2026-05-16	2026-05-16	2c60a29ca69d
levenshtein	2026-06-19	2026-06-19	75fc83335754
lgtm	2026-05-16	2026-05-16	2f605d4ca735
liang-wenfeng	2026-07-12	2026-07-12	4fd68a10b991
libsql	2026-05-17	2026-05-17	5d186d3a1934
lidar	2026-05-26	2026-05-26	161de5edc163
lifo	2026-05-18	2026-05-18	217e83022344
liger	2026-07-12	2026-07-12	73a0b5fee5a3
lightgbm	2026-05-21	2026-05-21	092ac957dc3d
lighttpd	2026-07-17	2026-07-17	90c7061ac951
linear	2026-05-16	2026-05-16	62e439944568
linkerd	2026-05-16	2026-05-16	4e829941a0ab
linode	2026-07-17	2026-07-17	59655aed8899
linux	2026-05-16	2026-05-16	4b120163fcba
lipschitz	2026-06-15	2026-06-15	79914128d533
liskov	2026-05-21	2026-05-21	ddb30d1e121b
lisp	2026-05-18	2026-05-18	6aed9c89db6e
lit	2026-05-17	2026-05-17	5825da4b4e82
litellm	2026-05-16	2026-05-16	52629d117a92
litestar	2026-05-17	2026-05-17	b3938e7aa39d
llama	2026-05-16	2026-05-16	d852086d493b
llamafile	2026-05-21	2026-05-21	1493d0833b10
llamaindex	2026-05-16	2026-05-16	1fce65f6b2f2
llava	2026-05-18	2026-05-18	7735a9b9ed90
llm	2026-05-16	2026-05-16	0a2b27fd259f
llmops	2026-05-18	2026-05-18	88e7c99ba420
llvm	2026-05-21	2026-05-21	ccd3e953a040
log4shell	2026-05-19	2026-05-19	9bfffe52f55c
logit	2026-06-15	2026-06-15	d50f7851c1ea
logits	2026-05-24	2026-05-24	b49660139c1b
logseq	2026-05-18	2026-05-18	7989ce9fbbc2
loki	2026-05-16	2026-05-16	81279fc87ef9
lora	2026-05-18	2026-05-18	f36472987efe
lovable	2026-05-17	2026-05-17	23548021c7a0
lovelace	2026-05-19	2026-05-19	6bf3c06f0fe9
lru	2026-05-18	2026-05-18	806c4e7d8210
lstm	2026-05-18	2026-05-18	da6024310fe1
ltrace	2026-05-19	2026-05-19	e86e92535474
ltv	2026-05-21	2026-05-21	bac25dc4eeab
lua	2026-05-16	2026-05-27	835bfbce34a7
lucene	2026-05-16	2026-05-16	aa7bec1375c1
luma	2026-05-18	2026-05-18	3f5d840b11e3
lumiere	2026-06-15	2026-06-15	23ee40ab9461
lyapunov	2026-06-15	2026-06-15	7470cfb96b24
m17n	2026-05-19	2026-05-19	129fab1c38ba
machete	2026-07-05	2026-07-05	44f2e5ec0a5e
mae	2026-06-28	2026-06-28	63f8a14ec75f
mage	2026-05-17	2026-05-17	a6313956e6aa
magic.dev	2026-05-18	2026-05-18	b4c9018ab5c7
magnitude	2026-05-17	2026-05-17	6a3e01e32ece
mahalanobis	2026-06-15	2026-06-15	2353c3c3ff85
mai	2026-07-17	2026-07-17	f60139741a88
maia	2026-07-17	2026-07-17	037af47ba104
majorana	2026-07-17	2026-07-17	24eaea72bef8
malloc	2026-05-21	2026-05-21	c89309da3b85
mamba	2026-05-21	2026-05-21	1e6106d71aba
manifold	2026-05-24	2026-05-24	f94705e7e3e1
manim	2026-05-17	2026-05-17	e1a5c28663dd
maniskill	2026-05-26	2026-05-26	0033f47321b0
manjaro	2026-05-17	2026-05-17	5ae06c253ac2
manova	2026-05-27	2026-05-27	4a1a6bdccf3e
mantine	2026-05-16	2026-05-16	dc4770e2902a
manus	2026-05-18	2026-05-18	3c732bf8f7be
map	2026-05-27	2026-05-27	0fdcce5bb01b
marey	2026-07-05	2026-07-05	306bc89c53a3
mariadb	2026-05-21	2026-05-21	0a58c96bff8f
marimo	2026-05-16	2026-05-16	a048c40e1e1d
marko	2026-05-17	2026-05-17	974ba3da555c
markov	2026-05-26	2026-05-26	bec805bff85b
marqo	2026-05-16	2026-05-16	6f075e263be1
marvin	2026-05-17	2026-05-17	0b1a51f97027
mastodon	2026-05-21	2026-05-21	bca1aa0df0fb
mastra	2026-05-30	2026-05-30	f4b68de6ccc5
materialize	2026-05-16	2026-05-16	0e2bb0e40842
matplotlib	2026-05-21	2026-05-21	83e4e0c05696
matrix	2026-05-21	2026-05-21	ff03f4cc29ea
matsumoto	2026-05-21	2026-05-21	3d99b773ecc1
maturin	2026-05-30	2026-05-30	fbc4ba3cadf1
matz	2026-05-21	2026-05-21	419f7e0bd4a4
mau	2026-05-21	2026-05-21	ef036e368778
maui	2026-05-17	2026-05-17	45670c709af7
maven	2026-05-17	2026-05-17	16a80dc267d7
mbr	2026-05-26	2026-05-26	712ec290c04a
mc-jepa	2026-06-28	2026-06-28	cf11e9057d2d
mcmc	2026-05-27	2026-05-27	3ad0993a8a8d
mcp	2026-05-16	2026-05-16	e25f75a8632a
mdp	2026-05-26	2026-05-26	16054aa92aea
medusa	2026-06-07	2026-06-07	ce4f27fac121
megatron	2026-05-17	2026-05-17	b87efcd81b3d
meilisearch	2026-05-16	2026-05-16	aaf07784458e
melange	2026-07-12	2026-07-12	766a64d7dc5b
meltdown	2026-05-19	2026-05-19	cfc3cf0f9ad0
mem0	2026-05-18	2026-05-18	a48a0b83c9a4
memcached	2026-05-16	2026-05-16	c441acccee74
mentat	2026-05-30	2026-05-30	0a806f24ce0e
mermaid	2026-05-18	2026-05-18	6c6f43fddb8c
mesa	2026-05-21	2026-05-21	0d6dab8ee6f0
mesos	2026-05-21	2026-05-21	7bc37fc02bb3
messagepack	2026-05-17	2026-05-17	b7fc063dc640
metal	2026-05-24	2026-05-24	fe76722271c2
metamask	2026-05-24	2026-05-24	eabcead333e2
meteor	2026-05-27	2026-05-27	93ab13f1f2c7
mfa	2026-05-18	2026-05-18	12a035008629
micronaut	2026-05-17	2026-05-17	0d9d951632ea
midjourney	2026-05-16	2026-05-16	76adebbc278a
mikolov	2026-05-21	2026-05-21	2ef7742a8da8
million	2026-05-23	2026-05-23	5897a2586185
million.js	2026-05-16	2026-05-16	8dbeb2f43cf2
milvus	2026-05-16	2026-05-16	4a579f167018
mimir	2026-05-21	2026-05-21	2818bd0612e3
minedojo	2026-05-26	2026-05-26	05770838e2b0
minerl	2026-05-26	2026-05-26	467f6385ef44
minimax	2026-05-18	2026-05-18	829c8b233bb3
minio	2026-07-05	2026-07-05	d72d540df58f
minkowski	2026-06-15	2026-06-15	3d01ca9fed32
mise	2026-05-30	2026-05-30	2f27cbf29fc8
mistral	2026-05-16	2026-05-16	dbcce382a6da
mixtral	2026-05-18	2026-05-18	4ca26e74e20f
mkdocs	2026-05-21	2026-05-21	ca7ebd3f5918
mkv	2026-05-24	2026-05-24	68cbb6b7fc8f
mla	2026-05-30	2026-05-30	2973a998b473
mle	2026-05-26	2026-05-26	f5361ca81c65
mlflow	2026-05-17	2026-05-17	6a2eeba25bd1
mlops	2026-05-18	2026-05-18	e20a5fe429f0
mlx	2026-05-21	2026-05-21	f74b1d33cea7
mmap	2026-05-21	2026-05-21	3131bd525356
mnemonic	2026-05-24	2026-05-24	b3b7c9666342
mnih	2026-05-21	2026-05-21	7806bd9b48b8
moat	2026-05-21	2026-05-21	495f3d892736
mobilenet	2026-05-27	2026-05-27	6ac219204689
mobx	2026-05-17	2026-05-17	030d2ccea05c
mocha	2026-05-17	2026-05-17	a68cb98a5caa
mochi	2026-06-07	2026-06-07	c9ba0837734f
mockito	2026-07-17	2026-07-17	c917af439cf8
moco	2026-06-28	2026-06-28	0d2e4e4fb6d9
modal	2026-05-16	2026-05-16	1f1486bfc46a
modernbert	2026-06-07	2026-06-07	02a8e6aee928
modin	2026-05-17	2026-05-17	23191b35cb2a
modular	2026-05-18	2026-05-18	24d15f0affe5
moe	2026-05-18	2026-05-18	a86c6570e283
mojo	2026-05-16	2026-05-16	decedb6a5f89
molmo	2026-05-30	2026-05-30	5269b9ce9b19
mom	2026-05-21	2026-05-21	6534b3e2ead2
monad	2026-05-17	2026-05-17	a60f0d58a22b
mongodb	2026-05-16	2026-05-16	64bd831c04df
mongoose	2026-05-21	2026-05-21	0d7807fc9142
moon	2026-05-17	2026-05-17	c93fd4d06ec3
moonshot	2026-05-23	2026-05-23	9955e9675377
moshi	2026-06-19	2026-06-19	d85fb1b8d877
mots	2026-05-26	2026-05-26	dac13b8b959c
mqa	2026-05-30	2026-05-30	2e30bff93a71
mrr	2026-05-21	2026-05-21	88fe57a7b268
msa	2026-05-21	2026-05-21	8077e8113bcc
mtbf	2026-05-18	2026-05-18	e031589df5f6
mtls	2026-05-18	2026-05-18	44b8a66f6d1f
mts	2026-05-26	2026-05-26	f75b729e0179
mttr	2026-05-18	2026-05-18	12e6d78808e6
mtu	2026-05-18	2026-05-18	92fe4fd9705c
mu	2026-05-20	2026-05-20	e71e6149d2a9
mujoco	2026-05-26	2026-05-26	29a5a8520301
muon	2026-06-07	2026-06-07	b3701c25eed7
musl	2026-07-17	2026-07-17	778eec83925b
mutex	2026-05-17	2026-05-17	8653014d947c
muzero	2026-05-26	2026-05-26	fde681eedf0a
mvc	2026-05-17	2026-05-17	811f3dc88169
mvp	2026-05-17	2026-05-17	7b73bd73de64
mvvm	2026-05-17	2026-05-17	aaf395c86759
mypy	2026-05-16	2026-05-16	ef2aeb332441
mysql	2026-05-16	2026-05-19	91ac8fdfd10d
mythos	2026-06-24	2026-06-24	8ea135cb91ad
n8n	2026-05-17	2026-05-17	72c645479ea0
nabla	2026-05-27	2026-05-27	6ff60a26b390
nagios	2026-07-17	2026-07-17	be4897f33a17
nakamoto	2026-05-21	2026-05-21	b4b049b23cc8
nan	2026-05-16	2026-05-16	4af19c047955
nat	2026-05-18	2026-05-18	a0ba5a0a4142
nativescript	2026-05-17	2026-05-17	811ece0fc9d3
nats	2026-05-16	2026-05-16	8436ed987663
nccl	2026-05-30	2026-05-30	dc290268c174
nda	2026-05-21	2026-05-21	fe0a48f2bf41
ndcg	2026-05-27	2026-05-27	7f4807d78b83
nemotron	2026-05-30	2026-05-30	88de2c910c1a
neo4j	2026-05-16	2026-05-16	adbe2dc44bb9
neon	2026-05-17	2026-05-17	282993e924b8
neovim	2026-05-16	2026-05-16	6fc9b22b773d
nestjs	2026-05-16	2026-05-16	880dd1842366
netlify	2026-05-16	2026-05-16	79510e7605c2
neurips	2026-05-27	2026-05-27	07911912b48c
next.js	2026-05-16	2026-05-16	7764f0869f16
nf4	2026-05-30	2026-05-30	dde040caae5a
ng	2026-05-21	2026-05-21	f5721424bd44
nginx	2026-05-16	2026-05-16	9dbc3f448470
ngrok	2026-05-21	2026-05-21	6bf82063575a
niche	2026-05-21	2026-05-21	9598ccf92e32
nifi	2026-07-17	2026-07-17	2834069277d8
nim	2026-05-17	2026-05-17	5e9c5540d023
nitro	2026-05-23	2026-05-23	777116b6743c
nix	2026-05-16	2026-05-16	19f6ab79f795
nixos	2026-05-21	2026-05-21	8e82ff2c7349
nll	2026-05-27	2026-05-27	699734a70335
nlp	2026-05-21	2026-05-21	3d174d8d4e0f
nltk	2026-05-21	2026-05-21	0f8e22dde8a6
nmap	2026-05-16	2026-05-16	0723c0cd73eb
noether	2026-06-15	2026-06-15	e9ea943b426e
nomad	2026-05-17	2026-05-17	19d0242c43d3
nonce	2026-05-18	2026-05-18	e522e4f46e94
nosql	2026-05-18	2026-05-18	ff14bdfd03ec
nostr	2026-06-19	2026-06-19	59337869871c
notion	2026-05-16	2026-05-16	8509c449d876
nous	2026-05-18	2026-05-18	fb721a36373e
npm	2026-05-18	2026-05-18	0d576be42c1d
nps	2026-05-21	2026-05-21	91751baf4371
npu	2026-05-18	2026-05-18	f0746b4146ea
nrr	2026-05-21	2026-05-21	ca08109e5268
nu	2026-05-24	2026-05-24	826295a896a8
nuget	2026-05-21	2026-05-21	eef18c70854a
numpy	2026-05-16	2026-05-16	9e866947a258
nunchaku	2026-06-07	2026-06-07	ab66e8e3f795
nushell	2026-05-18	2026-05-18	fa3555d42d8b
nuxt	2026-05-16	2026-05-16	f044e3e08f7f
nvlink	2026-05-30	2026-05-30	dfc2398fe8aa
nvme	2026-05-18	2026-05-18	efc536229759
nx	2026-05-16	2026-05-16	cb14b062931e
o1	2026-05-19	2026-05-19	29f09f3542cc
o3	2026-05-19	2026-05-19	046a95bbe16d
oaep	2026-05-19	2026-05-19	28dc2bf99b30
oauth	2026-05-16	2026-05-16	faff051d5d54
oauth2	2026-05-18	2026-05-18	c130874a3bb2
ocaml	2026-05-16	2026-05-16	28d4b08dc7ba
octo	2026-05-26	2026-05-26	a1010e1f88c1
odin	2026-05-16	2026-05-16	af8f07d64d9e
odometry	2026-05-26	2026-05-26	2092595268bc
odysseus	2026-07-12	2026-07-12	326f8b99683f
ogg	2026-05-24	2026-05-24	422a1d50ce58
oidc	2026-05-17	2026-05-17	bfd2f92d93f3
okr	2026-05-21	2026-05-21	585161525aff
ollama	2026-05-16	2026-05-16	572b97e33e91
olmo	2026-05-21	2026-05-21	19aa04c30a8e
omega	2026-05-24	2026-05-24	d6f2f6929108
omicron	2026-05-24	2026-05-24	d8b7a451bc20
omlx	2026-07-17	2026-07-17	5fa9ff3a9e66
omniverse	2026-05-26	2026-05-26	85400b96db6b
onnx	2026-05-17	2026-05-17	3f65b26ca79e
oom	2026-05-18	2026-05-18	a8ded47b62a8
oop	2026-05-17	2026-05-17	b9ed516c0ba6
opa	2026-05-16	2026-05-16	5681fb51c4f9
opa-gatekeeper	2026-05-17	2026-05-17	f7f7d671571a
openai	2026-05-16	2026-05-16	db4610c9450e
openbao	2026-07-17	2026-07-17	ee99f7ec5296
opendevin	2026-05-23	2026-05-23	098ee2c87bd7
opengl	2026-05-24	2026-05-24	35f136e1f753
openhands	2026-05-23	2026-05-23	fe6301acf74b
openid	2026-05-18	2026-05-18	6ec3776d744c
openreview	2026-05-27	2026-05-27	f78fedf53384
opensearch	2026-05-17	2026-05-17	7e2c6f2a7993
openshift	2026-05-21	2026-05-21	434e47ab4e5c
opensuse	2026-05-21	2026-05-21	9b3fb96261f9
opentelemetry	2026-05-17	2026-05-17	0df80e20942e
opentofu	2026-05-21	2026-05-21	bf5d29bce21b
openvino	2026-05-21	2026-05-21	b5f6f7b2125e
openvla	2026-05-26	2026-05-26	e7f06cff0766
optimism	2026-05-20	2026-05-20	2a026e3bbd96
opus	2026-05-19	2026-05-19	4473858239f9
orm	2026-05-16	2026-05-16	61bff7daf18d
ornstein-uhlenbeck	2026-06-15	2026-06-15	cb6073b25db2
orpheus	2026-07-05	2026-07-05	9441e4602cc1
orpo	2026-05-27	2026-05-27	45a0a563f43c
ospf	2026-05-18	2026-05-18	94ee794b2991
otel	2026-05-17	2026-05-17	3b722ca5d65e
otwell	2026-05-21	2026-05-21	f838c0e481b4
outlines	2026-05-17	2026-05-17	45c9a27f01aa
owasp	2026-05-18	2026-05-18	ed8449c9e80e
oxc	2026-05-16	2026-05-16	d6e2c30a74e0
oxlint	2026-05-30	2026-05-30	a7cb966268f7
p-tuning	2026-05-27	2026-05-27	be7f8fb26adc
p13n	2026-05-19	2026-05-19	fbcd124b11e3
p5.js	2026-05-17	2026-05-17	df12fe3f105a
paas	2026-05-16	2026-05-16	096994e0b737
packer	2026-05-17	2026-05-17	c9e76bce6b3b
pagedattention	2026-05-30	2026-05-30	104f39fcc0c6
palantir	2026-05-16	2026-05-16	c62bb66be33c
palm	2026-05-18	2026-05-18	725b398c4557
pandas	2026-05-16	2026-05-16	da185b123f7f
pandoc	2026-05-21	2026-05-21	7921de39f4de
pangu	2026-06-19	2026-06-19	2746b9673d89
paradigm	2026-05-24	2026-05-24	5808f2c5032b
parcel	2026-05-17	2026-05-17	782a509a8b95
parquet	2026-05-17	2026-05-17	6ae82431a449
pascal	2026-05-19	2026-05-19	e9692d575a80
passkey	2026-05-17	2026-05-17	0ef2dad83d9c
paxos	2026-05-19	2026-05-19	e7b531123073
payloadcms	2026-05-21	2026-05-21	ec81c34a4931
pca	2026-05-27	2026-05-27	70f6c53edd6c
pe	2026-05-26	2026-05-26	1675b41a476e
peft	2026-05-18	2026-05-18	59e15a0a52e9
pelican	2026-05-17	2026-05-17	76ea29a43573
peopleops	2026-05-26	2026-05-26	fd2e25e9d5bf
perl	2026-05-18	2026-05-18	ee01a11b68a4
perplexity	2026-05-18	2026-05-18	343249f2b55f
pgm	2026-05-26	2026-05-26	63821effb510
pgp	2026-05-17	2026-05-17	56e62d9ae7f4
pgvector	2026-05-21	2026-05-21	bfde55d130f0
phi	2026-05-18	2026-05-18	e8c767ab59d2
phidata	2026-05-17	2026-05-17	d3e7bce9e824
phind	2026-07-05	2026-07-05	0b65d462d8eb
phoenix	2026-05-17	2026-05-17	38b76b85a252
php	2026-05-18	2026-05-18	44c156c137c2
pi	2026-05-20	2026-05-20	101003e74265
pii	2026-05-21	2026-05-21	e9281e1100a8
pika	2026-05-18	2026-05-18	44fb6ba5f588
pinecone	2026-05-16	2026-05-16	d7b16a5a4620
pinia	2026-05-16	2026-05-16	1d9ba6b93ce3
pinokio	2026-05-21	2026-05-21	a272f67902b2
pinot	2026-05-19	2026-05-19	d25d18220d36
piper	2026-05-21	2026-05-21	aa9005eb4a7c
pipewire	2026-05-21	2026-05-21	e1316240532b
piraeus	2026-07-12	2026-07-12	23fda55cb1ec
pixi	2026-05-30	2026-05-30	1b17d17614b8
pixijs	2026-05-17	2026-05-17	8e7d5a623c51
pixtral	2026-05-30	2026-05-30	46967262b6a0
pkl	2026-06-18	2026-06-18	70126879e494
plaid	2026-05-16	2026-05-16	1415f23719dd
planck	2026-06-15	2026-06-15	6ca7a1af1cc1
plandex	2026-05-18	2026-05-27	3102d9a6506f
planetscale	2026-05-17	2026-05-17	f84f990b9539
plausible	2026-05-21	2026-05-21	3727fca304f0
playwright	2026-05-16	2026-05-16	3aedfbde61af
plg	2026-05-21	2026-05-21	749e9fd7b3bc
plotly	2026-05-21	2026-05-21	0959495cc7f9
pm	2026-05-26	2026-05-26	1e0b762f098d
pmm	2026-05-26	2026-05-26	ab4e17c131b1
pnpm	2026-05-16	2026-05-16	db126671668a
poc	2026-05-21	2026-05-21	566d944dee53
podman	2026-05-16	2026-05-16	24c13b13fcc9
poettering	2026-05-21	2026-05-21	262f3b0e0590
point-jepa	2026-06-28	2026-06-28	b3d14b0019ec
poisson	2026-06-18	2026-06-18	2ce4f871ab73
pojo	2026-05-18	2026-05-18	94145e996710
polars	2026-05-17	2026-05-17	7793943490f7
polkadot	2026-05-20	2026-05-20	e29d3e9e182a
polosukhin	2026-05-21	2026-05-21	07243ae93f9c
poly1305	2026-05-19	2026-05-19	d5247b02f3f3
polymorphism	2026-05-17	2026-05-17	b5d3c5baa72c
pomdp	2026-05-26	2026-05-26	d0eb4def7dd2
pony	2026-05-17	2026-05-17	7e383daf7f26
posix	2026-05-16	2026-05-16	c90ae9eee895
postfix	2026-05-21	2026-05-21	295b8d209ff3
postgres	2026-05-16	2026-05-16	94eae90f37f0
postgresql	2026-05-16	2026-05-19	21b15a866187
posthog	2026-05-18	2026-05-18	0768f36ed534
pov	2026-05-21	2026-05-21	a9a7edd9270f
ppo	2026-05-18	2026-05-18	ddf1893868ee
preact	2026-05-16	2026-05-16	0d7084c94d23
prefect	2026-05-17	2026-05-17	cf160adb093b
preference	2026-05-28	2026-05-28	de5fe51e8b17
prefix-tuning	2026-05-28	2026-05-28	034757faee25
preprint	2026-05-27	2026-05-27	0e6914976e8b
pretrain	2026-05-28	2026-05-28	bf341957aa3b
pretraining	2026-05-28	2026-05-28	5389cdc04a89
prettier	2026-05-16	2026-05-16	fff64b9d14ef
prisma	2026-05-16	2026-05-16	61cb4c5bd0bc
procgen	2026-05-26	2026-05-26	886b162f18b2
prolog	2026-05-18	2026-05-18	509bffb40b77
prometheus	2026-05-16	2026-05-16	a8d6ea5a7b18
prompt	2026-05-28	2026-05-28	128e0f175859
prompt-tuning	2026-05-28	2026-05-28	34c88501011c
prompting	2026-05-28	2026-05-28	850f1be54068
proprioception	2026-05-26	2026-05-26	917e1c555ab6
prosumer	2026-05-21	2026-05-21	c5bdf10cd015
protobuf	2026-05-21	2026-05-21	512f90519353
pseudo	2026-05-24	2026-05-24	6525c3cb8eee
psi	2026-05-24	2026-05-24	ce27d6a59ed7
psql	2026-05-21	2026-05-21	2314e4d335aa
pub-sub	2026-05-18	2026-05-18	31e8201a4002
pubsub	2026-05-24	2026-05-24	ed38ce2874d6
pulsar	2026-05-16	2026-05-16	324d0774f1b1
pulseaudio	2026-05-21	2026-05-21	3d366d351483
pulumi	2026-05-16	2026-05-16	c597b09bd66e
puppeteer	2026-05-17	2026-05-17	b5c600a1acf6
pwa	2026-05-18	2026-05-18	c0c356f48b24
pybullet	2026-05-26	2026-05-26	f2f070bc3bd5
pycharm	2026-05-24	2026-05-24	cf957033e4f4
pydantic	2026-05-16	2026-05-21	b19bd4a661ce
pydantic-ai	2026-05-17	2026-05-17	29de89c660be
pyodide	2026-07-17	2026-07-17	4b84e76c177a
pypi	2026-05-21	2026-05-21	4307a4b0ac0c
pyroscope	2026-05-21	2026-05-21	e0df925202a1
pytest	2026-05-17	2026-05-17	f40fe6e0be9f
pythagora	2026-05-30	2026-05-30	e315c84b78e6
pythia	2026-05-21	2026-05-21	79bb014200d4
pytorch	2026-05-16	2026-05-16	99d8ee5afade
qa	2026-05-26	2026-05-26	88bf6b7af6e4
qbr	2026-05-21	2026-05-21	eef66c19b285
qdrant	2026-05-16	2026-05-16	c5065bc0d69a
qe	2026-05-26	2026-05-26	80feadf6d92c
qlora	2026-05-18	2026-05-18	3f106ad3ab66
qoder	2026-07-12	2026-07-12	841ae38396b6
qodo	2026-07-05	2026-07-05	f3855c4a91c8
qoi	2026-06-19	2026-06-19	0f06695a184a
qoq	2026-05-21	2026-05-21	c52072d63b26
qt	2026-05-21	2026-05-21	d38d611d594d
quantization	2026-05-24	2026-05-24	da09b5a116d0
quantize	2026-05-24	2026-05-24	b47d944bf652
quarkus	2026-05-17	2026-05-17	106a63a31e66
quarto	2026-05-21	2026-05-21	eceaa98c41a9
quartz	2026-05-17	2026-05-17	3af6633c6dae
quasi	2026-05-24	2026-05-24	7b5f2168fdce
quaternion	2026-05-26	2026-05-26	b347b6de1208
quay	2026-05-21	2026-05-21	3fea42e24143
queue	2026-05-21	2026-05-21	4fbbc7588edd
quic	2026-05-18	2026-05-19	9d63cc74e677
quickwit	2026-05-23	2026-05-23	2ef40e899a35
quorum	2026-05-19	2026-05-19	012309da3a27
qwen	2026-05-18	2026-05-18	9220946850a3
qwik	2026-05-16	2026-05-16	70bdd541d21b
qwq	2026-06-18	2026-06-18	c98a26c546e2
r1	2026-05-19	2026-05-19	f86221018a68
raadt	2026-05-21	2026-05-21	2f104f683248
rabbitmq	2026-05-16	2026-05-16	7f6fb2903fd8
raci	2026-05-26	2026-05-26	4aff317b6f24
racket	2026-05-16	2026-05-16	bff3186f7c73
radixattention	2026-05-30	2026-05-30	1f86bf87ccb6
radon	2026-06-15	2026-06-15	9e15a0d279a1
raffel	2026-05-21	2026-05-21	09839258094e
raft	2026-05-19	2026-05-19	32f95d98fe1f
rag	2026-05-16	2026-05-16	24abd845ea8e
ragas	2026-05-17	2026-05-17	61242be547ba
raid	2026-05-18	2026-05-18	891922538449
rails	2026-05-17	2026-05-17	caaf8363b399
railway	2026-05-17	2026-05-17	8b3ec3e39967
rake	2026-05-21	2026-05-21	dbfbbcdd8996
raku	2026-06-19	2026-06-19	34744198cdcc
ramesh	2026-05-21	2026-05-21	68806175c3df
rancher	2026-05-21	2026-05-21	35dc3002d83c
raschka	2026-07-12	2026-07-12	d3e7a712092f
ratatui	2026-05-30	2026-05-30	c4b16aa63753
ray	2026-05-17	2026-05-17	05a02f012b2d
raycast	2026-05-17	2026-05-17	d1ebe5d96516
rayon	2026-05-23	2026-05-23	93d5abb07007
rbac	2026-05-18	2026-05-18	41718e97345e
rdma	2026-05-30	2026-05-30	a47689d9f5a6
rds	2026-05-19	2026-05-19	916e8f99144d
re	2026-05-26	2026-05-26	676563f3dc30
react	2026-05-17	2026-05-17	929af54feff0
reasoning	2026-05-28	2026-05-28	e866eee90aef
rebase	2026-06-11	2026-06-11	a776cb7a9d22
recoil	2026-05-16	2026-05-16	7095fc8441ac
recraft	2026-05-30	2026-05-30	9b14794e3ab0
recursion	2026-05-17	2026-05-17	4cb63bdfcc26
red-teaming	2026-05-28	2026-05-28	3c8b67b3fe05
redis	2026-05-16	2026-05-21	a85e36e4d90f
redshift	2026-05-24	2026-05-24	beee54cd4f41
redux	2026-05-17	2026-05-17	bec4d628ea4b
reflex	2026-05-23	2026-05-23	6c13f690ffb8
reflexion	2026-05-30	2026-05-30	fad443420d26
regex	2026-05-16	2026-05-16	ce433f25f196
regexp	2026-05-21	2026-05-21	458c3d998955
reka	2026-05-30	2026-05-30	03d8ecf8442c
rekor	2026-05-21	2026-05-21	4924334d5439
relu	2026-05-18	2026-05-18	a2d8f6c84b61
remix	2026-05-16	2026-05-16	dfd6ce063664
render	2026-05-17	2026-05-17	6002f858a34d
renovate	2026-05-16	2026-05-16	2366f365b926
renyi	2026-06-15	2026-06-15	f97a52d71cf2
repl	2026-05-18	2026-06-24	6f91a68e1408
replicate	2026-05-16	2026-05-16	f644674f2bd9
replit	2026-05-16	2026-05-16	31b9012a779f
reqwest	2026-07-12	2026-07-12	530f1c9232bc
rescript	2026-05-17	2026-05-17	79c30ba06688
resnet	2026-05-27	2026-05-27	87e76b12acf7
rest	2026-05-16	2026-05-16	ce46e66964fb
restic	2026-05-16	2026-05-16	37ab2c60341f
resume	2026-06-11	2026-06-11	cdc8e8c52935
retro	2026-05-21	2026-05-21	6e37cc60a95a
review	2026-06-11	2026-06-11	a63586478311
revops	2026-05-26	2026-05-26	ed9e6d3722fa
reward-model	2026-05-28	2026-05-28	4cf54f312fd0
rfc	2026-05-18	2026-05-18	10281e2277ce
rfp	2026-05-21	2026-05-21	cbf2afee7a9c
rhel	2026-05-17	2026-05-17	84a54f607018
rho	2026-05-24	2026-05-24	b97cc0840dc0
riemann	2026-05-24	2026-05-24	79549efde803
riemannian	2026-06-15	2026-06-15	5f82b450dea7
ripgrep	2026-05-16	2026-05-16	9a653fb7ab0d
risingwave	2026-05-16	2026-05-16	0826ef1aa4a2
ritchie	2026-05-21	2026-05-21	0a13396af554
rlhf	2026-05-18	2026-05-18	ae79b83c90ca
rmsnorm	2026-05-30	2026-05-30	5fc1b0953f49
rngd	2026-07-12	2026-07-12	8c2d1362e2b2
rnn	2026-05-18	2026-05-18	0a3720cedfdf
roas	2026-05-21	2026-05-21	0077b4fdbfa7
roberta	2026-05-21	2026-05-21	bd32b51f063d
roc	2026-05-16	2026-05-16	cc8f20e1fda1
rocm	2026-07-05	2026-07-05	39d935c60d85
rocq	2026-07-12	2026-07-12	cb59b11d606c
rodin	2026-07-05	2026-07-05	3f7733037037
roi	2026-05-21	2026-05-21	3d161cc30d7f
rolldown	2026-05-23	2026-05-23	e79af6c249df
rollout	2026-05-26	2026-05-26	e62e5965bc06
rollup	2026-05-17	2026-05-17	7b7a8c6319ff
rombach	2026-05-21	2026-05-21	9b81fca66743
ronacher	2026-07-12	2026-07-12	b09361e0e2d2
roo	2026-05-17	2026-05-17	92c87de4f23a
rope	2026-05-18	2026-05-18	2b02d1bff34e
rouge	2026-05-27	2026-05-27	53cc87682007
route53	2026-05-19	2026-05-19	13bd45db6f74
rs	2026-05-26	2026-05-26	491608511899
rsa	2026-05-17	2026-05-17	1f2312c8fe9f
rspack	2026-05-16	2026-05-16	a59fbc712352
rssm	2026-05-26	2026-05-26	30b79c63dc17
rsync	2026-05-16	2026-05-16	47356f92cda6
rubin	2026-07-17	2026-07-17	8ea51cd27c1c
ruby	2026-05-18	2026-05-18	f848ab70a5ea
ruff	2026-05-16	2026-05-16	821b1c7c171d
rumelhart	2026-05-27	2026-05-27	ea2edac1a2ba
runc	2026-05-16	2026-05-16	3f6f325f41fe
runway	2026-05-18	2026-05-18	1d2cdc7c33ef
rust	2026-05-18	2026-05-18	6ccb94f99276
rustc	2026-06-07	2026-06-07	de7f25f57cc3
rustup	2026-06-07	2026-06-07	64bd12cc5413
rwkv	2026-05-21	2026-05-21	2949f87346ab
s11n	2026-05-19	2026-05-19	677380cebf0e
s3	2026-05-19	2026-05-19	97f8d491e0da
sa	2026-05-26	2026-05-26	87fea1d3cd4d
saas	2026-05-16	2026-05-16	f5431f63b71a
sac	2026-05-26	2026-05-26	73e405279c8d
safetensors	2026-05-21	2026-05-21	38dc21a9468f
saga	2026-05-19	2026-05-19	4dc1a27d399c
sagemaker	2026-05-24	2026-05-24	7bcb4eb19757
sakana	2026-07-12	2026-07-12	28ebd2320534
sam	2026-05-18	2026-05-18	35c50a8c828b
sambanova	2026-05-18	2026-05-18	5c66d5f5e445
saml	2026-05-16	2026-05-16	9948a12d4e58
sandbox	2026-06-11	2026-06-11	5f5e2f070afc
sanic	2026-05-17	2026-05-17	c18d3a380162
sapling	2026-05-18	2026-05-18	cee3f3a05705
sarvam	2026-07-12	2026-07-12	1ca4c9e33100
sass	2026-05-18	2026-05-18	a2eea6a88b8e
sbom	2026-05-18	2026-05-18	10235aec7f7d
sbt	2026-05-21	2026-05-21	1571cce6996e
scala	2026-05-16	2026-05-16	c2fd6cbfdc25
scalar	2026-05-24	2026-05-24	55e92cee4a0e
scaling-laws	2026-05-28	2026-05-28	7fc33b987090
sch-lkopf	2026-05-27	2026-05-27	4a69ce7c47a0
schema	2026-05-21	2026-05-21	b1e664496756
scheme	2026-05-18	2026-05-18	e8eb7f725273
schmidhuber	2026-05-21	2026-05-21	c99e0551d7ff
schrodinger	2026-06-15	2026-06-15	a3716698f20d
scikit	2026-05-21	2026-05-21	1ff48c87a66e
scikit-learn	2026-05-17	2026-05-17	af4da66a1246
scipy	2026-05-16	2026-05-16	2f2ec0cf36e0
scp	2026-05-21	2026-05-21	91cce11d2c19
scrum	2026-05-21	2026-05-21	7ce97a3cd026
scrypt	2026-05-19	2026-05-19	db3be8e7ec09
scss	2026-05-18	2026-05-18	3782366672f2
scylla	2026-05-21	2026-05-21	15f5160eb7ea
scylladb	2026-05-16	2026-05-16	e0c729151ee4
sdk	2026-05-18	2026-05-18	0027a89a1bb6
sdr	2026-05-26	2026-05-26	a4a8caf4bf35
se	2026-05-26	2026-05-26	36a1881fe907
seaborn	2026-05-21	2026-05-21	4f0537f59aaa
seaorm	2026-05-17	2026-05-17	9a515b18e359
sed	2026-05-21	2026-05-21	a975292e1f78
seedance	2026-05-30	2026-05-30	d64a44ddeb91
seedream	2026-05-30	2026-05-30	655e33597611
segue	2026-05-21	2026-05-21	d2321f73cf3a
selenium	2026-05-17	2026-05-17	0933d8647e49
sem	2026-05-21	2026-05-21	4febc3c204cd
semaphore	2026-05-17	2026-05-17	4e97e6fbed83
sentry	2026-05-16	2026-05-16	c6932f6f434a
seo	2026-05-21	2026-05-21	572ac6acf259
sequel	2026-05-21	2026-05-21	41297bb39bbc
sequelize	2026-05-21	2026-05-21	00015e216629
serde	2026-05-23	2026-05-23	c98b8ab0473a
sft	2026-05-27	2026-05-27	9f18cb8f4632
sglang	2026-05-18	2026-05-18	8726a6f00d0f
sha	2026-05-17	2026-05-17	0d42a7ee96cb
shadcn	2026-05-16	2026-05-16	62484b47522f
shai-hulud	2026-07-12	2026-07-12	b23c71b88c3d
shazeer	2026-05-21	2026-05-21	e0de1442a7bb
shellshock	2026-05-19	2026-05-19	bdf7852148dd
siem	2026-05-18	2026-05-18	5e6d0a40e61e
siggraph	2026-05-27	2026-05-27	f1f1f81fbcc3
sigma	2026-05-20	2026-05-20	e203d0941cca
sigmoid	2026-05-24	2026-05-24	0a401acc66e9
sigstore	2026-05-21	2026-05-21	30dd2b28e945
silu	2026-06-15	2026-06-15	d895348f9f45
silver	2026-05-27	2026-05-27	01418bc694f6
simclr	2026-06-28	2026-06-28	a24604b3efbe
simd	2026-05-18	2026-05-18	c95c002d4e85
simile	2026-05-18	2026-05-18	24aaa6322167
simplify	2026-06-11	2026-06-11	b397513077fe
simpo	2026-05-27	2026-05-27	dc97d9c71bd2
simsiam	2026-06-28	2026-06-28	6db79b32bb7b
sinatra	2026-05-17	2026-05-17	bf4bdb51827b
sinkhorn	2026-06-15	2026-06-15	7bb47b4f8ee0
skia	2026-05-17	2026-05-17	96bdd4053475
sklearn	2026-05-21	2026-05-21	c3b4f1be8d70
skopeo	2026-05-21	2026-05-21	9cd21a420f90
sla	2026-05-18	2026-05-18	3b50de640a82
slam	2026-05-26	2026-05-26	23ed013cd39c
slg	2026-05-21	2026-05-21	7eed5a4d1685
sli	2026-05-18	2026-05-18	5d7116157b5c
slidev	2026-05-18	2026-05-18	f0f44e4a9dec
slo	2026-05-18	2026-05-18	7c0a9153ecd4
slsa	2026-05-21	2026-05-21	60ca63dcd26f
smolagents	2026-05-17	2026-05-17	750e2af48c1c
snowflake	2026-05-16	2026-05-16	2db6b2424f9d
snowpack	2026-05-21	2026-05-21	79c5d5785a27
sns	2026-05-24	2026-05-24	740d746a71da
soa	2026-05-18	2026-05-18	ae8c327b5383
soc2	2026-05-21	2026-05-21	f2bccae140a3
softmax	2026-05-18	2026-05-18	42ea26211c2e
solana	2026-05-19	2026-05-19	66ad48b922bd
solid	2026-05-17	2026-05-17	4799bb9cba53
solidity	2026-05-17	2026-05-17	d7536683db68
solidjs	2026-05-16	2026-05-16	eaae657b84fc
solr	2026-05-16	2026-05-16	fd13bf7533f3
som	2026-05-21	2026-05-21	3ed494060ccc
sonnet	2026-05-19	2026-05-19	5d335466cec5
sora	2026-05-16	2026-05-16	ec7d625340da
sourcegraph	2026-05-16	2026-05-16	4721c0401536
sow	2026-05-21	2026-05-21	f22f704e0b3e
sox	2026-05-21	2026-05-21	f3daa69e6d1d
spa	2026-05-18	2026-05-18	ba687c0a8941
spacy	2026-05-21	2026-05-21	59349e0e8b30
spanner	2026-05-17	2026-05-17	740bf71777d8
spark	2026-05-17	2026-05-17	1317d1ca0247
spectre	2026-05-19	2026-05-19	9be4556a5b69
sphinx	2026-05-21	2026-05-21	9b3ba921f77e
spiffe	2026-07-12	2026-07-12	bbbf82f393a4
splunk	2026-05-16	2026-05-16	d88671bd5e2e
spring	2026-05-24	2026-05-24	6ec31081288b
sprint	2026-05-21	2026-05-21	331c4ae54fa8
sqitch	2026-07-17	2026-07-17	b529de10322d
sql	2026-05-16	2026-05-16	6b47f403680d
sqlite	2026-05-16	2026-05-16	e364d2323aea
sqs	2026-05-24	2026-05-24	16ad356dea7b
squid	2026-05-21	2026-05-21	af6e7ae4ff66
sram	2026-05-18	2026-05-18	7045e982cbf9
sre	2026-05-16	2026-05-16	7dfb5b345d0d
ssg	2026-05-18	2026-05-18	e8fdc59bc8b7
ssh	2026-05-16	2026-05-16	d7ce5d552c21
ssl	2026-05-18	2026-05-18	6abba674886f
sso	2026-05-18	2026-05-18	6303ab3c3bfc
ssr	2026-05-18	2026-05-18	7bde32c2473b
standup	2026-05-21	2026-05-21	43163b3739ba
starlette	2026-05-17	2026-05-17	829297de3fce
starrocks	2026-05-19	2026-05-19	7b79aac493be
starship	2026-05-18	2026-05-18	dc0c9bb2aa86
stencil	2026-05-17	2026-05-17	4e23494b86f8
stochastic	2026-05-24	2026-05-24	4feb44119812
storybook	2026-05-16	2026-05-16	1abb0208bed4
strace	2026-05-19	2026-05-19	38a864dd97d9
strapi	2026-05-21	2026-05-21	cae15f7dbae9
streamlit	2026-05-18	2026-05-18	379dffcdab8e
stripe	2026-05-16	2026-05-16	c9ac0a5e6c7b
stroustrup	2026-05-21	2026-05-21	1a60871e655d
struct	2026-05-21	2026-05-21	622fc29edb4d
subagent	2026-05-30	2026-05-30	26b7f642ee52
sublime	2026-05-17	2026-05-17	3013779ef024
sudo	2026-05-16	2026-05-16	68e25da53652
sui	2026-05-20	2026-05-20	05588519ff7a
suno	2026-05-18	2026-05-18	01b140215a48
supabase	2026-05-16	2026-05-16	3ca1e45a92f0
supermaven	2026-05-18	2026-05-18	408b2e28165f
surrealdb	2026-05-16	2026-05-16	e1bf7ebbb36e
surya	2026-07-12	2026-07-12	d81e469044cb
suse	2026-05-21	2026-05-21	405f6f382f08
sutskever	2026-05-21	2026-05-21	0722007bb8dc
sutton	2026-05-27	2026-05-27	0e347c3e9915
svdquant	2026-06-07	2026-06-07	4fea402919f0
svelte	2026-05-16	2026-05-16	2d8420cd59c6
sveltekit	2026-05-21	2026-05-21	ee19267f5d03
svg	2026-05-24	2026-05-24	340470efd1d1
svm	2026-05-27	2026-05-27	142de8ff6018
svp	2026-05-26	2026-05-26	ed893e006447
sway	2026-05-21	2026-05-21	6aff15b42700
swc	2026-05-16	2026-05-16	dd860bbdcda7
swe	2026-05-26	2026-05-26	b70b182d68dc
swe-agent	2026-05-30	2026-05-30	688d53fa2937
sweep	2026-05-17	2026-05-17	0ece93a63242
swift	2026-05-18	2026-05-18	b91b773974de
swiglu	2026-05-18	2026-05-18	af66c9e2e496
swin	2026-05-27	2026-05-27	bf5e9d581472
sycl	2026-07-05	2026-07-05	9c626bc45025
sycophancy	2026-07-12	2026-07-12	a8e7ec297a70
syft	2026-07-12	2026-07-12	5faf43f2bbe5
symfony	2026-05-17	2026-05-17	e1dec0ee93d3
synapse	2026-05-21	2026-05-21	45c0f4c76cec
syscall	2026-05-19	2026-05-19	12c4250fca9b
szegedy	2026-05-21	2026-05-21	11bf61ec7acf
t-sne	2026-05-27	2026-05-27	03838eb6a834
t-test	2026-05-27	2026-05-27	3f88e145b978
t5	2026-05-18	2026-05-18	1801115330fa
taalas	2026-07-17	2026-07-17	0792bc7f52a0
tabby	2026-05-16	2026-05-16	37df021a28aa
tabnine	2026-05-17	2026-05-17	55b73a60b5bd
tailscale	2026-05-17	2026-05-17	d4fa197bab30
tailwind	2026-05-16	2026-05-16	dfbf51e685f5
talos	2026-05-21	2026-05-21	87606887ec76
tam	2026-05-21	2026-05-21	74a826bfc1f1
tanh	2026-05-18	2026-05-18	1c5369798b9a
tanstack	2026-05-16	2026-05-16	ca86bf9d2197
tantivy	2026-05-16	2026-05-16	b01c6c633874
tau	2026-05-24	2026-07-12	2dbc2b69bcf9
tau-bench	2026-07-12	2026-07-12	fbbdfc4f765e
tauri	2026-05-17	2026-05-17	dcdcae560d28
tavily	2026-05-18	2026-05-18	3f93da0b7710
tcl	2026-05-18	2026-05-19	a48ebc9ddac5
tcp	2026-05-18	2026-05-18	c36fe5e70843
tdd	2026-05-17	2026-05-17	3881fe65cdac
tdmpc	2026-05-26	2026-05-26	c7745b97685e
tealdeer	2026-05-20	2026-05-20	204eedb2ce90
tegmark	2026-05-27	2026-05-27	5f30e3394780
tekton	2026-05-16	2026-05-16	8a306555b885
tempo	2026-05-16	2026-05-16	26dbecfe94f3
tensorflow	2026-05-18	2026-05-18	69077a28d0ae
tensorrt	2026-05-17	2026-05-17	36cc107ec0df
terraform	2026-05-16	2026-05-16	57745dae46ed
tex	2026-05-16	2026-05-16	5670de22f4ba
thanos	2026-05-21	2026-05-21	2e01dc4fb30f
theia	2026-05-21	2026-05-21	314e520d98c7
theta	2026-05-20	2026-05-20	b7ec2e32f06d
three.js	2026-05-17	2026-05-17	861c84cc34a1
threejs	2026-05-24	2026-05-24	50027e902c0b
thymeleaf	2026-07-17	2026-07-17	e41fd025e64d
tiangolo	2026-05-21	2026-05-21	b4a5fd3eb650
tidb	2026-05-19	2026-05-19	40d5eef9fa10
tigerbeetle	2026-05-16	2026-05-16	321a87faa4b0
tika	2026-05-21	2026-05-21	2c49341e42e3
tikhonov	2026-06-19	2026-06-19	47e2f65bfed8
timescaledb	2026-05-16	2026-05-16	e1eeb2576d6e
tl	2026-05-26	2026-05-26	fc3257632824
tldr	2026-05-16	2026-05-16	bf25a13f57ff
tldraw	2026-05-18	2026-05-18	c9d155f57291
tlm	2026-05-26	2026-05-26	e9a356bd74c8
tls	2026-05-17	2026-05-17	dddae12914f8
tmux	2026-05-16	2026-05-16	e8e01d4f0dae
toeplitz	2026-06-15	2026-06-15	7bbfea03f167
together.ai	2026-05-18	2026-07-12	a080feb41f26
tokei	2026-05-20	2026-05-20	e031ca8f682b
tokenization	2026-05-24	2026-05-24	24802de97f5e
tokenizers	2026-05-21	2026-05-21	8583c3deaada
tokio	2026-05-17	2026-05-17	c7c58927a1f9
tome	2026-05-18	2026-05-27	915ec455d4bb
toml	2026-05-18	2026-05-18	a1a2575c5b89
tongyi	2026-05-30	2026-05-30	e2cabf1fcee1
tonic	2026-05-17	2026-05-17	5480a29158a7
tool-use	2026-05-28	2026-05-28	689c11aedb0e
toolformer	2026-05-30	2026-05-30	6d9beafde38a
torvalds	2026-05-21	2026-05-21	ffccb4477cca
tot	2026-05-27	2026-05-27	0d0fc752c1d5
tpm	2026-05-26	2026-05-26	8f13315dd23a
tpu	2026-05-18	2026-05-18	5f8afc310ec5
trae	2026-05-18	2026-05-18	a6a49d0e0760
traefik	2026-05-16	2026-05-16	77db55cd628b
trajectory	2026-05-26	2026-05-26	0f6ef6233159
transfer-learning	2026-05-28	2026-05-28	42f14ec46179
transformer	2026-05-18	2026-05-18	1f686c97c59e
tri-dao	2026-07-12	2026-07-12	dbe0263690fb
trie	2026-05-18	2026-05-18	57e2601718ee
trino	2026-05-21	2026-05-21	14102cc3bae2
triton	2026-05-17	2026-05-17	9fea1696e29f
triton--openai-	2026-05-17	2026-05-17	1ca198d6f731
trivy	2026-05-16	2026-05-16	c7b60e0bcbaa
trpc	2026-05-16	2026-05-16	fcda91de50ad
trpo	2026-05-26	2026-05-26	ae1adc7fd162
tsallis	2026-06-15	2026-06-15	58edeffe2639
tsup	2026-05-17	2026-05-17	4aed1e85bcf3
tsx	2026-05-17	2026-05-17	db63a0be3b16
tulu	2026-06-18	2026-06-18	22c3c24b5bae
tuple	2026-05-21	2026-05-21	74d26ecfe7ac
turbo	2026-05-16	2026-05-16	d315491fed74
turbopack	2026-05-16	2026-05-16	979014825ed0
turborepo	2026-05-17	2026-05-17	15c8a7060e04
turing	2026-05-19	2026-05-19	47482c5e0ad8
turso	2026-05-17	2026-05-17	a903677be659
twilio	2026-05-16	2026-05-16	e979bc7b46e4
twm	2026-06-28	2026-06-28	84e5b8847caf
tyk	2026-07-17	2026-07-17	9eb05b0967f4
typescript	2026-05-18	2026-05-18	85432d31588d
typesense	2026-05-16	2026-05-16	25b0f87efe2b
typst	2026-07-12	2026-07-12	4617b265ad5e
u-net	2026-05-27	2026-05-27	555e8e755c88
ubuntu	2026-05-16	2026-05-16	d3db85ccdc44
udio	2026-05-18	2026-05-18	9140533fb41b
udp	2026-05-18	2026-05-18	a6dfa014dc3e
ui	2026-05-26	2026-05-26	71fe3ef6d784
ultracode	2026-05-30	2026-05-30	0f762820f5d3
ulysses	2026-07-05	2026-07-05	a4d0db577143
umap	2026-05-27	2026-05-27	71e81fcfe542
unity	2026-05-17	2026-05-17	be388875713d
unreal	2026-05-17	2026-05-17	0a2fca2a4391
unsloth	2026-05-17	2026-05-17	27681ee7a3dc
upsilon	2026-05-24	2026-05-24	2cc15e962e54
uri	2026-05-18	2026-05-18	1041e20f27f1
url	2026-05-18	2026-05-18	56318053b4b3
uszkoreit	2026-05-21	2026-05-21	5dd6c20a53e4
uuid	2026-05-18	2026-05-18	5d9ce10798ac
uv	2026-05-16	2026-05-16	22ef7e1e4a01
uvicorn	2026-05-18	2026-05-18	492034ad0064
ux	2026-05-26	2026-05-26	ebef879b1505
uxe	2026-05-26	2026-05-26	2306fac1601e
uxr	2026-05-26	2026-05-26	6647eb4d4c1e
v	2026-05-16	2026-05-27	28462378f7a6
v-jepa	2026-06-28	2026-06-28	623f74498752
v-jepa-2	2026-06-28	2026-06-28	9867f4e48c0e
v0	2026-05-17	2026-05-17	81050052c22f
v8	2026-05-18	2026-05-18	32c8a1e6f630
vae	2026-05-18	2026-05-18	9904faef11bd
vagrant	2026-05-21	2026-05-21	c6a3bf038c4d
valibot	2026-05-23	2026-05-23	dcfe78e2b4de
valim	2026-05-21	2026-05-21	15a34b2d8244
valkey	2026-05-16	2026-05-16	870eb51e3687
valtio	2026-05-16	2026-05-16	5d8de10c9c43
vapi	2026-07-05	2026-07-05	47d1fb73314e
vapnik	2026-05-27	2026-05-27	def9ae56f7c0
varnish	2026-05-21	2026-05-21	075530bfada0
vaswani	2026-05-21	2026-05-21	2b27e1687128
vault	2026-05-17	2026-05-17	5761465d1cd8
vector	2026-05-16	2026-05-16	da3d7ad59eb8
vector-clock	2026-05-19	2026-05-19	dd3725f9e771
velero	2026-05-16	2026-05-16	1a6aa28e3d1f
veo	2026-05-30	2026-05-30	75876165f290
verbose	2026-05-24	2026-05-24	aa573c21fe71
vercel	2026-05-16	2026-05-16	29fb7f3279e8
verdaccio	2026-05-21	2026-05-21	371238bf3b09
vespa	2026-05-21	2026-05-21	55fa1f36f678
vgg	2026-05-27	2026-05-27	372de980af94
vibe-coding	2026-05-30	2026-05-30	8be05e398abe
vicreg	2026-06-28	2026-06-28	7d31c924d7e8
vicregl	2026-06-28	2026-06-28	5e5f7ad31ac9
victoriametrics	2026-05-21	2026-05-21	18c81e43a178
vicuna	2026-05-18	2026-05-18	366d014a1bfa
vidu	2026-07-05	2026-07-05	2c865a340531
viem	2026-05-18	2026-05-18	b985bc8ff727
vim	2026-05-21	2026-05-21	e094225c6afd
vineyard	2026-07-12	2026-07-12	20dcc8ce35b0
vinxi	2026-05-17	2026-05-17	72baa663c0f0
vinyals	2026-05-21	2026-05-21	8ec38e4ff6cc
viper	2026-05-17	2026-05-17	9d3ae05fd8cf
vit	2026-05-27	2026-05-27	922f0a6a2b5c
vite	2026-05-16	2026-05-21	4c3d5eab67a3
vitess	2026-07-17	2026-07-17	e8579e6c81c4
vitest	2026-05-16	2026-05-16	ebe73d54c82a
vits	2026-05-21	2026-05-21	7b32088043a1
vllm	2026-05-16	2026-05-16	3f32dbf1d6cd
vlt	2026-07-12	2026-07-12	8877a1d59f37
vogels	2026-05-21	2026-07-12	dded9f930362
void	2026-05-18	2026-05-18	8eda55181508
volta	2026-05-19	2026-05-19	e0f644d7045d
voronoi	2026-06-18	2026-06-18	4ef3e6be4581
vp	2026-05-26	2026-05-26	5f48ffbc6a1e
vpc	2026-05-24	2026-05-24	5c0a7982b03a
vpn	2026-05-18	2026-05-18	23ffbec538dc
vscode	2026-05-17	2026-05-17	8831a00074b0
vue	2026-05-16	2026-05-21	e071a59607f9
vulkan	2026-05-21	2026-05-21	4168bec74230
waf	2026-05-18	2026-05-18	faf8c93c4f57
wagmi	2026-05-18	2026-05-18	74973710ec2f
wails	2026-05-17	2026-05-17	298a64b47dce
wan	2026-05-18	2026-05-18	607df2a7e7a2
wandb	2026-05-21	2026-05-21	01a31dc048af
warp	2026-05-23	2026-05-23	30f1a427dba0
wasi	2026-05-17	2026-05-17	7a2415fe0cb6
wasm	2026-05-16	2026-05-16	10ec0f2f4285
wasmer	2026-05-23	2026-05-23	b4d61ee0dc77
wasmtime	2026-05-20	2026-05-20	d088bdbfaa51
wasserstein	2026-05-27	2026-05-27	3351d1fde36e
watchexec	2026-05-30	2026-05-30	3be4886a1793
wayland	2026-05-21	2026-05-21	5e9267f507be
weaviate	2026-05-16	2026-05-16	88b8728be106
webassembly	2026-05-16	2026-05-16	2b8324a351a6
webauthn	2026-05-17	2026-05-17	50a4865f0897
webgpu	2026-05-17	2026-05-17	313f64295c08
webkit	2026-05-18	2026-05-18	63afef9d4b82
webots	2026-05-26	2026-05-26	32b4625c4501
webp	2026-05-24	2026-05-24	cc5a85f3f2ad
webpack	2026-05-16	2026-05-16	3547490d02e4
webrtc	2026-05-17	2026-05-17	c31a5f13fe13
websocket	2026-05-18	2026-05-18	568b6096d3b6
webstorm	2026-05-24	2026-05-24	8155b1c54eb0
weibull	2026-06-19	2026-06-19	bd06d504e801
weights---biases	2026-05-17	2026-05-17	943bfc7e4dd4
werkzeug	2026-07-12	2026-07-12	067acbbff566
wezterm	2026-05-16	2026-05-16	ff4d93b0d5f0
wget	2026-05-16	2026-05-16	a9544ec45fd8
whatwg	2026-05-19	2026-05-19	82f1c6a7b654
whisper	2026-05-18	2026-05-18	e0eb2e3ee9fd
wiener	2026-06-15	2026-06-15	a8ecce035dcb
windsurf	2026-05-17	2026-05-17	4925fff1c45a
winui	2026-05-17	2026-05-17	b27e14c3b141
wireguard	2026-05-16	2026-05-16	211f7943f18c
wiremock	2026-05-21	2026-05-21	89c7b4ac9986
wireshark	2026-05-17	2026-05-17	0d0347f3dccf
woff	2026-05-24	2026-05-24	030ccfb4231d
wojciech	2026-05-21	2026-05-21	8b680999ce20
workers	2026-05-17	2026-05-17	a86925c49127
wsgi	2026-05-18	2026-05-18	e32ae70bdb7c
wysiwyg	2026-05-16	2026-05-16	f9d545d8bdae
x25519	2026-05-19	2026-05-19	3535aeb2a42f
xai	2026-05-18	2026-05-18	046660e18e82
xapian	2026-07-17	2026-07-17	b906d3a87ed1
xata	2026-05-23	2026-05-23	3185afa7b0d2
xfce	2026-05-21	2026-05-21	1816522256c2
xgboost	2026-05-21	2026-05-21	4ca64184eab6
xi	2026-05-24	2026-05-24	b817016eff62
xlnet	2026-05-27	2026-05-27	981adbfbf4c1
xml	2026-05-18	2026-05-18	9ff596ad8387
xonsh	2026-07-17	2026-07-17	6452eaaef5da
xss	2026-05-18	2026-05-18	d81da43c608b
xstate	2026-05-17	2026-05-17	2442461e22f1
yagni	2026-05-16	2026-05-16	727df0ee5f5c
yaml	2026-05-18	2026-05-27	7d274a5660c8
yarn	2026-05-18	2026-05-18	bd413f29d651
yazi	2026-05-18	2026-05-18	8e84c6cf59bf
yew	2026-05-23	2026-05-23	b5ff95e25629
yi	2026-05-18	2026-05-18	c975b26da15b
yolo	2026-05-18	2026-05-18	d4035edd9c2d
youki	2026-07-12	2026-07-12	7e533484df68
yoy	2026-05-21	2026-05-21	0bd1862bdc4d
yq	2026-05-20	2026-05-20	94dbc8e9d273
yugabytedb	2026-05-19	2026-05-19	5f50bc270c46
zapier	2026-05-21	2026-05-21	13ee22d7074a
zaremba	2026-05-21	2026-05-21	c3094e633126
zed	2026-05-16	2026-05-16	ef2fdda40a50
zeitwerk	2026-07-12	2026-07-12	e6060e6857bc
zellij	2026-05-16	2026-05-16	6cfa70c71ed8
zenoh	2026-07-12	2026-07-12	ed83fd34f828
zephyr	2026-07-12	2026-07-12	d832f9e60f9c
zero	2026-05-30	2026-05-30	8318eabe6de1
zero-shot	2026-05-28	2026-05-28	7c015fcc455d
zeta	2026-05-24	2026-05-24	ded51450a1c6
zfs	2026-05-19	2026-05-19	8a967405a5bb
zhipu	2026-05-23	2026-05-23	5141463bccba
zig	2026-05-16	2026-05-16	59cb4f70424f
zipkin	2026-05-21	2026-05-21	cdac4dda095b
zod	2026-05-16	2026-05-16	fe4fa6f6d803
zola	2026-05-21	2026-05-21	2cb07a9fa8ee
zookeeper	2026-05-21	2026-05-21	7329241d9064
zoxide	2026-05-20	2026-05-20	016ad18f82f1
zsh	2026-05-16	2026-05-16	de69c5e76d69
zstd	2026-05-23	2026-05-23	d9eec5e7f90b
zustand	2026-05-16	2026-05-16	4c00ea9face1
